event_category,ticket_price_taka,days_before_event_registered,payment_delay_hours,event_day_of_week,event_start_hour,location_type,reminder_status,prior_attendance_count,is_cancelled,checked_in
cultural,300,10,3.0,5,19,campus,sent,1,False,1
career_fair,100,2,3.0,5,18,campus,opened,2,False,1
hackathon,300,19,,6,8,online,opened,4,False,0
cultural,300,11,,6,8,online,not_sent,3,False,1
cultural,0,13,48.0,3,20,campus,opened,1,False,0
career_fair,0,10,6.0,4,12,campus,opened,10,False,1
hackathon,300,14,0.0,5,11,city_venue,opened,9,False,1
hackathon,0,18,0.0,6,8,city_venue,opened,1,False,1
cultural,100,19,3.0,3,11,campus,opened,5,False,0
workshop,100,22,0.0,6,10,campus,not_sent,6,False,0
cultural,0,9,0.0,0,9,city_venue,not_sent,9,False,1
cultural,100,25,,0,16,city_venue,opened,5,False,1
cultural,0,7,36.0,6,21,campus,sent,6,False,1
cultural,300,28,3.0,0,22,online,not_sent,0,True,0
career_fair,300,3,1.0,6,18,online,opened,5,False,1
hackathon,100,20,12.0,3,8,campus,opened,10,False,0
career_fair,0,6,0.0,1,14,campus,sent,2,False,1
career_fair,0,27,,4,21,city_venue,opened,0,False,0
career_fair,100,21,6.0,3,20,city_venue,opened,7,False,0
cultural,300,2,6.0,1,11,online,sent,3,False,0
workshop,100,29,6.0,1,12,campus,confirmed,9,False,1
hackathon,300,6,0.0,5,17,city_venue,opened,7,False,1
workshop,0,3,24.0,3,12,online,opened,9,False,1
career_fair,300,16,36.0,3,8,online,opened,10,False,0
career_fair,100,30,24.0,6,13,online,not_sent,3,False,0
workshop,0,8,1.0,1,20,city_venue,opened,3,False,0
workshop,100,2,24.0,1,16,city_venue,sent,9,False,1
workshop,100,17,24.0,1,9,campus,confirmed,3,True,0
career_fair,300,9,,6,14,campus,confirmed,5,False,1
career_fair,100,30,6.0,5,13,online,opened,8,False,1
hackathon,300,12,6.0,3,12,online,sent,4,False,0
hackathon,0,3,24.0,1,11,city_venue,sent,9,False,1
career_fair,300,11,24.0,0,11,city_venue,sent,7,False,0
workshop,0,1,12.0,3,13,campus,opened,7,False,1
workshop,300,23,12.0,6,11,campus,sent,3,True,0
hackathon,100,13,12.0,5,12,campus,opened,10,False,0
career_fair,300,15,,0,20,city_venue,sent,9,False,0
hackathon,300,26,12.0,6,13,online,confirmed,8,False,1
hackathon,0,5,,2,12,campus,not_sent,8,False,0
cultural,100,21,12.0,3,14,campus,confirmed,4,False,1
cultural,300,30,,2,16,city_venue,confirmed,5,False,1
cultural,100,17,48.0,6,17,campus,opened,4,False,1
workshop,300,25,6.0,6,14,online,opened,2,False,0
career_fair,300,23,,6,14,city_venue,opened,10,False,0
career_fair,100,24,1.0,1,11,campus,opened,7,False,1
career_fair,300,25,,5,8,campus,sent,8,False,0
career_fair,100,6,24.0,1,21,city_venue,sent,3,False,1
cultural,300,28,0.0,5,15,city_venue,opened,8,False,1
workshop,0,21,24.0,4,11,campus,opened,8,False,1
workshop,100,22,,1,8,online,opened,6,False,0
cultural,300,11,0.0,2,12,city_venue,sent,7,False,0
workshop,300,18,12.0,5,21,online,sent,2,False,0
cultural,0,4,36.0,1,21,campus,not_sent,4,False,1
career_fair,100,3,48.0,3,15,online,not_sent,2,False,1
cultural,300,13,6.0,6,11,campus,sent,6,False,1
career_fair,0,23,3.0,5,20,campus,not_sent,5,False,1
career_fair,300,9,0.0,5,19,campus,not_sent,10,False,1
hackathon,100,21,24.0,1,15,campus,confirmed,2,False,1
cultural,300,6,12.0,4,15,online,not_sent,8,False,0
hackathon,300,26,,1,10,campus,opened,0,False,1
cultural,300,30,0.0,2,16,campus,sent,9,False,0
cultural,300,28,36.0,2,10,online,confirmed,2,True,0
hackathon,0,12,0.0,5,8,city_venue,opened,10,False,1
hackathon,0,2,1.0,5,9,online,sent,9,False,0
cultural,100,3,12.0,1,22,online,opened,10,False,1
workshop,0,3,12.0,2,13,online,sent,6,True,0
career_fair,0,28,36.0,2,19,campus,opened,2,False,0
hackathon,100,12,,4,17,campus,not_sent,2,False,0
career_fair,0,15,24.0,3,9,campus,confirmed,1,False,1
workshop,0,9,,4,13,city_venue,opened,8,True,0
workshop,100,23,,0,21,campus,sent,10,False,0
workshop,100,8,24.0,6,8,city_venue,opened,3,False,1
hackathon,100,11,48.0,4,18,campus,sent,9,False,1
workshop,300,16,24.0,1,20,online,confirmed,5,False,1
hackathon,300,26,0.0,3,8,campus,opened,1,False,0
workshop,100,27,36.0,1,12,city_venue,opened,8,False,0
career_fair,100,25,0.0,6,17,city_venue,not_sent,6,True,0
career_fair,100,22,24.0,0,20,campus,confirmed,9,False,1
cultural,300,4,36.0,3,18,online,opened,4,False,0
career_fair,300,28,0.0,5,16,campus,sent,6,False,0
cultural,0,1,3.0,2,21,campus,not_sent,3,False,0
career_fair,0,24,,4,15,campus,sent,9,False,0
hackathon,100,7,24.0,1,10,online,confirmed,6,False,1
career_fair,300,2,3.0,0,22,city_venue,sent,1,True,0
cultural,300,24,36.0,2,10,online,opened,6,False,0
cultural,300,28,24.0,4,22,city_venue,not_sent,3,False,0
workshop,100,5,12.0,2,8,city_venue,sent,3,False,0
hackathon,0,7,,4,21,city_venue,opened,0,False,0
career_fair,100,4,36.0,5,10,online,confirmed,2,False,0
workshop,0,5,6.0,3,22,campus,opened,4,False,1
career_fair,0,24,48.0,2,21,campus,confirmed,4,False,1
career_fair,100,1,,2,19,campus,opened,1,False,1
workshop,0,1,1.0,2,19,campus,not_sent,3,False,1
workshop,0,15,3.0,3,19,campus,sent,0,False,0
workshop,300,20,3.0,0,20,online,opened,8,False,1
workshop,0,19,36.0,4,18,online,confirmed,0,False,0
workshop,100,29,24.0,5,8,online,confirmed,5,False,1
career_fair,100,10,24.0,2,15,online,sent,6,False,1
workshop,0,28,,6,8,online,sent,2,False,0
hackathon,300,18,36.0,3,12,online,sent,0,False,0
cultural,300,28,1.0,0,16,online,confirmed,6,False,0
workshop,0,3,6.0,4,14,campus,confirmed,2,False,1
workshop,0,11,6.0,3,11,city_venue,confirmed,9,True,0
career_fair,100,15,6.0,5,18,online,sent,5,False,1
workshop,0,27,24.0,5,16,city_venue,opened,5,False,0
workshop,300,30,,4,16,online,opened,3,False,0
workshop,0,11,3.0,2,9,online,sent,10,True,0
career_fair,100,17,12.0,5,17,campus,opened,5,False,1
workshop,100,17,48.0,0,17,city_venue,not_sent,10,True,0
cultural,100,6,6.0,3,18,campus,not_sent,9,True,0
career_fair,100,5,1.0,0,19,campus,confirmed,3,False,1
cultural,100,8,12.0,2,13,city_venue,confirmed,7,False,1
career_fair,0,2,0.0,0,11,campus,opened,8,False,1
workshop,0,16,,0,15,online,opened,1,False,1
cultural,0,20,0.0,1,19,online,sent,6,True,0
career_fair,0,24,6.0,0,18,online,opened,8,False,1
hackathon,100,12,12.0,4,14,online,confirmed,8,False,1
workshop,300,6,,3,14,online,confirmed,4,False,1
career_fair,0,1,1.0,1,18,campus,opened,0,False,0
hackathon,300,4,1.0,3,17,campus,sent,5,False,1
career_fair,0,17,0.0,3,16,online,sent,7,False,1
hackathon,0,13,1.0,2,20,online,opened,0,True,0
workshop,300,18,3.0,2,12,campus,sent,1,True,0
cultural,100,5,24.0,1,13,city_venue,confirmed,0,False,0
hackathon,0,30,3.0,5,8,campus,sent,4,False,0
career_fair,0,24,0.0,6,13,campus,not_sent,1,False,0
workshop,0,24,48.0,2,9,campus,sent,9,False,0
hackathon,300,27,6.0,6,13,campus,confirmed,9,False,1
career_fair,100,3,6.0,2,16,campus,sent,3,False,0
career_fair,300,11,3.0,2,15,city_venue,opened,0,False,0
career_fair,300,13,,3,16,online,opened,6,False,1
hackathon,100,4,1.0,1,20,online,not_sent,7,False,0
hackathon,300,26,,3,22,city_venue,opened,4,False,0
hackathon,100,27,36.0,4,17,online,opened,1,False,0
cultural,0,14,0.0,3,15,online,opened,7,False,0
hackathon,100,22,,6,10,online,confirmed,0,False,1
hackathon,0,11,3.0,6,15,city_venue,sent,6,False,1
hackathon,300,27,0.0,4,13,city_venue,not_sent,0,False,0
cultural,300,10,48.0,0,20,online,confirmed,5,False,1
hackathon,0,19,36.0,0,13,online,sent,5,False,0
career_fair,300,18,24.0,4,13,online,opened,4,False,1
hackathon,100,6,1.0,4,10,campus,confirmed,1,False,1
career_fair,0,27,12.0,3,17,campus,sent,1,False,0
career_fair,300,29,48.0,4,8,campus,opened,8,False,0
career_fair,0,15,3.0,1,19,city_venue,not_sent,4,False,0
cultural,100,21,3.0,0,21,online,sent,4,False,1
cultural,100,30,0.0,0,11,city_venue,not_sent,6,False,0
cultural,300,10,1.0,5,17,city_venue,confirmed,5,False,1
hackathon,100,5,,4,19,city_venue,sent,1,False,1
career_fair,0,26,12.0,2,13,online,opened,10,True,0
cultural,100,29,,2,18,campus,confirmed,0,False,1
cultural,0,5,6.0,4,19,online,opened,4,False,1
hackathon,0,10,36.0,1,17,online,opened,3,False,1
cultural,100,28,3.0,2,9,city_venue,opened,2,False,1
hackathon,300,5,6.0,5,14,city_venue,sent,1,False,1
workshop,100,3,1.0,6,14,city_venue,opened,9,False,0
cultural,0,23,6.0,4,18,campus,opened,1,False,0
workshop,0,6,12.0,1,11,campus,confirmed,3,False,1
hackathon,100,4,,1,11,campus,confirmed,1,True,0
career_fair,300,18,24.0,3,22,online,confirmed,3,False,1
cultural,300,28,1.0,1,8,city_venue,confirmed,2,False,1
hackathon,0,9,0.0,2,20,online,opened,8,False,1
career_fair,0,17,1.0,6,9,campus,opened,6,False,1
career_fair,300,29,24.0,2,16,city_venue,confirmed,10,False,1
workshop,100,13,36.0,4,17,campus,sent,2,False,0
hackathon,0,27,,6,15,city_venue,confirmed,7,False,1
career_fair,0,15,0.0,4,15,city_venue,opened,8,False,0
cultural,300,30,12.0,1,16,online,opened,6,False,1
cultural,100,20,12.0,5,22,online,opened,5,False,0
workshop,300,17,24.0,0,14,campus,confirmed,3,False,1
career_fair,100,13,12.0,6,20,online,sent,4,False,1
hackathon,100,16,36.0,3,16,online,opened,7,False,0
cultural,100,22,24.0,0,17,online,opened,2,False,1
career_fair,0,4,1.0,1,19,city_venue,sent,1,False,1
career_fair,300,5,48.0,1,9,online,confirmed,2,False,0
workshop,300,5,1.0,0,13,campus,opened,6,False,1
cultural,100,9,36.0,3,22,city_venue,opened,7,True,0
cultural,0,17,6.0,6,10,city_venue,sent,0,True,0
hackathon,0,13,12.0,6,18,online,opened,6,False,0
cultural,300,2,,0,22,city_venue,opened,8,False,0
hackathon,0,13,,4,13,campus,opened,2,False,1
cultural,0,22,48.0,2,10,campus,sent,2,False,1
workshop,100,21,12.0,5,15,city_venue,confirmed,7,False,1
cultural,0,27,36.0,4,22,online,opened,3,False,0
hackathon,100,23,12.0,6,18,online,opened,7,False,1
hackathon,300,19,,2,22,city_venue,opened,4,False,0
workshop,0,3,6.0,5,20,campus,sent,2,False,1
cultural,300,10,,5,11,city_venue,opened,3,False,0
cultural,300,2,,5,19,online,opened,3,False,0
workshop,0,13,36.0,1,17,online,opened,7,False,1
cultural,0,19,3.0,5,13,city_venue,opened,5,False,1
cultural,300,26,1.0,3,22,campus,opened,6,False,0
hackathon,0,17,,0,16,city_venue,not_sent,8,False,0
cultural,100,21,1.0,6,9,campus,opened,5,True,0
cultural,100,14,,3,9,campus,sent,2,False,1
workshop,0,12,12.0,0,14,city_venue,not_sent,2,False,1
workshop,300,21,6.0,4,22,city_venue,confirmed,10,False,1
career_fair,0,12,,4,9,campus,opened,2,False,0
hackathon,0,11,24.0,0,9,campus,opened,9,True,0
cultural,300,7,24.0,3,11,campus,opened,1,False,1
cultural,300,4,12.0,0,16,campus,confirmed,0,False,0
career_fair,100,19,6.0,5,15,online,opened,10,False,1
cultural,300,1,48.0,1,9,city_venue,confirmed,9,False,0
hackathon,100,28,3.0,6,15,campus,sent,0,False,0
career_fair,300,24,,4,11,city_venue,confirmed,3,False,1
hackathon,0,29,,6,9,campus,confirmed,2,False,0
career_fair,100,3,6.0,1,18,city_venue,confirmed,4,False,1
career_fair,100,13,36.0,5,17,city_venue,sent,8,False,1
workshop,100,15,24.0,5,14,campus,sent,7,False,0
hackathon,0,2,6.0,4,13,campus,sent,8,False,0
cultural,0,11,,4,21,city_venue,sent,4,False,1
cultural,0,4,0.0,5,17,city_venue,confirmed,7,False,1
hackathon,0,19,3.0,2,12,city_venue,not_sent,3,False,1
cultural,0,29,12.0,6,18,online,not_sent,4,True,0
cultural,100,17,12.0,1,8,campus,sent,2,True,0
hackathon,0,3,24.0,6,9,online,sent,4,False,1
career_fair,100,28,36.0,1,15,online,sent,2,False,0
hackathon,0,18,24.0,2,8,campus,confirmed,4,False,1
career_fair,300,8,24.0,3,10,campus,opened,10,False,1
cultural,100,22,0.0,1,9,online,not_sent,4,False,0
cultural,300,25,6.0,6,12,campus,opened,5,False,0
cultural,100,24,3.0,0,11,city_venue,opened,8,False,0
workshop,300,26,3.0,5,20,city_venue,not_sent,0,False,0
career_fair,0,19,12.0,5,14,online,opened,9,False,0
workshop,0,5,1.0,2,12,online,opened,5,False,0
workshop,0,7,3.0,1,15,campus,opened,0,False,0
hackathon,100,21,3.0,3,11,campus,opened,5,False,0
workshop,300,8,,1,22,online,not_sent,1,False,0
hackathon,0,28,,5,19,online,confirmed,7,False,0
hackathon,300,5,24.0,4,13,city_venue,confirmed,10,False,1
workshop,300,17,,0,11,city_venue,confirmed,2,False,0
career_fair,0,5,48.0,2,9,campus,not_sent,9,False,0
career_fair,0,4,24.0,4,8,city_venue,confirmed,5,False,1
career_fair,300,22,0.0,6,21,campus,confirmed,5,False,1
career_fair,0,19,36.0,3,21,campus,confirmed,3,False,0
career_fair,0,27,36.0,4,8,campus,not_sent,4,False,0
workshop,0,21,24.0,6,15,city_venue,opened,1,False,0
workshop,100,2,36.0,4,21,online,confirmed,9,False,1
cultural,300,11,12.0,3,11,online,opened,9,False,1
career_fair,300,22,36.0,4,12,city_venue,opened,7,True,0
workshop,100,13,,2,18,online,confirmed,9,False,1
cultural,300,15,6.0,5,15,campus,opened,6,False,0
career_fair,0,12,36.0,1,19,online,opened,9,False,0
hackathon,300,22,12.0,4,22,city_venue,opened,5,False,0
cultural,0,21,24.0,2,14,online,confirmed,6,False,1
workshop,100,22,36.0,1,20,campus,not_sent,0,False,0
hackathon,0,11,0.0,6,15,campus,opened,4,False,1
hackathon,300,7,24.0,1,20,city_venue,opened,6,False,1
hackathon,300,28,3.0,6,15,city_venue,confirmed,0,False,0
cultural,300,5,24.0,4,13,city_venue,opened,1,False,1
workshop,100,17,12.0,2,17,campus,confirmed,8,False,1
hackathon,100,24,36.0,5,9,online,confirmed,2,False,1
career_fair,300,20,1.0,4,13,online,not_sent,5,True,0
hackathon,0,9,24.0,6,21,city_venue,opened,6,True,0
hackathon,100,14,3.0,3,8,online,not_sent,8,False,1
cultural,300,26,,1,8,online,sent,4,True,0
cultural,300,12,,4,18,city_venue,opened,3,False,1
workshop,100,6,,6,10,city_venue,confirmed,10,False,1
career_fair,100,17,48.0,1,10,campus,confirmed,1,False,1
cultural,100,19,36.0,6,18,campus,not_sent,2,False,0
hackathon,0,19,3.0,2,20,campus,not_sent,4,False,0
workshop,0,26,6.0,0,12,campus,opened,10,False,0
hackathon,300,16,12.0,4,8,online,opened,1,False,1
hackathon,100,12,36.0,5,17,online,sent,3,False,0
cultural,0,12,,4,13,campus,confirmed,0,False,1
workshop,100,20,1.0,1,14,campus,confirmed,3,False,1
career_fair,300,6,,2,17,city_venue,opened,6,False,1
career_fair,0,23,36.0,6,19,online,confirmed,2,False,1
cultural,0,26,24.0,3,20,online,sent,9,False,0
cultural,0,4,1.0,5,18,campus,opened,7,False,1
workshop,300,6,0.0,2,10,online,opened,5,False,0
career_fair,100,11,24.0,4,11,city_venue,not_sent,5,False,1
career_fair,0,1,24.0,3,17,city_venue,confirmed,0,False,1
career_fair,300,30,3.0,2,18,online,opened,4,False,0
hackathon,100,24,12.0,0,17,campus,opened,2,False,1
career_fair,300,23,,5,21,online,sent,9,False,1
hackathon,100,15,48.0,1,19,city_venue,not_sent,0,False,0
workshop,300,27,,2,22,campus,not_sent,7,False,0
hackathon,100,11,6.0,2,17,online,opened,6,False,1
workshop,0,25,3.0,0,21,campus,opened,6,False,1
career_fair,100,19,36.0,4,17,campus,sent,9,False,0
career_fair,300,18,6.0,6,17,city_venue,opened,9,False,1
workshop,300,17,0.0,6,10,campus,opened,9,False,0
cultural,100,19,3.0,5,8,online,opened,3,False,1
workshop,0,21,6.0,5,15,campus,opened,10,False,1
cultural,0,14,3.0,1,20,campus,confirmed,5,False,1
hackathon,100,27,6.0,2,17,online,opened,8,False,0
hackathon,100,18,3.0,3,17,city_venue,opened,2,False,1
hackathon,300,28,0.0,2,9,city_venue,sent,8,False,0
career_fair,0,19,24.0,6,8,online,sent,3,False,0
hackathon,100,15,24.0,1,21,online,not_sent,4,False,0
cultural,0,15,24.0,2,15,city_venue,opened,6,False,1
hackathon,100,4,1.0,0,14,campus,sent,5,False,1
workshop,100,7,3.0,6,14,online,sent,9,False,1
workshop,0,13,24.0,2,11,campus,confirmed,7,False,1
career_fair,100,3,24.0,2,18,online,sent,7,False,1
workshop,100,16,12.0,6,16,city_venue,sent,7,False,0
cultural,300,9,6.0,3,13,campus,sent,2,False,0
hackathon,100,8,,6,9,campus,confirmed,9,True,0
career_fair,100,20,6.0,0,21,online,not_sent,5,False,1
hackathon,100,13,12.0,0,8,campus,opened,6,False,1
hackathon,300,17,24.0,2,8,online,opened,8,True,0
cultural,0,17,12.0,5,16,city_venue,opened,9,False,0
workshop,300,17,6.0,3,11,campus,opened,9,True,0
workshop,300,1,6.0,2,12,online,confirmed,3,False,1
hackathon,0,8,48.0,6,10,campus,not_sent,4,False,0
career_fair,300,19,3.0,2,11,online,sent,7,False,1
workshop,0,6,1.0,1,19,online,sent,0,False,0
career_fair,300,3,3.0,1,15,online,not_sent,5,False,0
workshop,0,27,48.0,5,20,city_venue,sent,3,False,0
career_fair,100,5,0.0,3,11,campus,sent,4,False,1
cultural,300,13,,4,16,city_venue,opened,10,False,0
career_fair,300,15,12.0,1,16,online,opened,4,False,1
cultural,300,14,,4,13,online,sent,1,False,0
cultural,300,29,,0,9,city_venue,opened,7,False,1
career_fair,100,23,12.0,1,19,city_venue,sent,1,False,0
cultural,300,16,1.0,1,17,campus,sent,3,False,0
hackathon,100,18,1.0,3,18,online,opened,4,False,0
cultural,100,22,3.0,5,14,city_venue,not_sent,0,False,0
workshop,100,29,36.0,4,16,online,not_sent,5,False,1
career_fair,100,22,3.0,6,13,online,opened,1,False,0
hackathon,0,11,6.0,1,10,campus,confirmed,4,False,1
career_fair,0,3,12.0,1,21,campus,opened,5,False,0
workshop,300,22,,3,22,campus,not_sent,10,False,0
workshop,0,10,1.0,3,14,city_venue,confirmed,7,False,1
workshop,0,10,0.0,5,12,online,opened,8,False,1
cultural,300,30,0.0,4,8,city_venue,opened,5,False,1
cultural,300,21,,0,10,city_venue,confirmed,4,False,1
career_fair,300,16,24.0,6,12,campus,opened,3,True,0
career_fair,0,12,3.0,5,14,online,sent,1,False,1
hackathon,0,2,1.0,0,10,online,opened,1,False,1
hackathon,300,9,3.0,2,13,campus,opened,6,False,0
career_fair,100,24,1.0,1,12,online,opened,4,True,0
cultural,300,3,,4,20,campus,opened,6,False,1
workshop,100,24,48.0,5,8,city_venue,confirmed,10,False,1
career_fair,100,30,12.0,1,17,city_venue,confirmed,0,True,0
hackathon,300,25,,4,13,campus,confirmed,0,False,0
cultural,300,30,3.0,4,21,city_venue,confirmed,4,False,0
career_fair,300,15,36.0,4,15,city_venue,confirmed,1,False,1
career_fair,0,3,,1,20,campus,not_sent,7,False,1
cultural,100,19,6.0,5,20,city_venue,sent,2,False,1
career_fair,0,18,36.0,6,8,online,opened,0,False,0
cultural,0,8,3.0,3,9,city_venue,confirmed,1,False,1
workshop,300,26,3.0,1,21,campus,opened,9,False,0
cultural,0,17,1.0,4,22,online,opened,9,False,1
cultural,300,8,12.0,5,11,online,not_sent,6,False,1
cultural,100,7,36.0,6,19,city_venue,sent,5,False,1
career_fair,300,30,,2,9,online,opened,7,False,1
career_fair,0,7,24.0,0,18,campus,sent,6,False,0
cultural,0,3,,4,16,online,sent,9,False,1
career_fair,300,1,48.0,2,17,city_venue,sent,7,False,0
hackathon,300,4,1.0,3,15,city_venue,sent,2,False,0
hackathon,0,25,12.0,6,15,online,opened,5,False,0
career_fair,100,5,1.0,6,11,campus,sent,6,False,0
career_fair,100,1,36.0,4,12,campus,opened,9,False,1
cultural,300,15,,6,11,city_venue,not_sent,10,False,0
workshop,100,5,1.0,2,20,city_venue,confirmed,0,False,0
career_fair,0,13,36.0,4,16,campus,sent,0,False,0
hackathon,300,8,24.0,1,20,online,opened,6,False,1
cultural,0,8,24.0,5,9,online,opened,10,False,1
career_fair,0,5,6.0,2,20,online,sent,2,False,0
hackathon,100,28,6.0,5,18,online,confirmed,2,False,0
hackathon,300,9,0.0,1,15,campus,opened,4,False,0
workshop,300,1,3.0,1,9,city_venue,opened,10,False,0
cultural,100,4,0.0,5,8,city_venue,sent,5,False,0
cultural,0,3,24.0,2,17,online,confirmed,1,False,1
workshop,0,2,1.0,5,10,campus,confirmed,2,False,1
workshop,0,8,,5,16,campus,sent,5,False,0
cultural,0,23,12.0,0,19,online,sent,2,True,0
cultural,300,9,36.0,2,10,online,confirmed,4,False,1
career_fair,300,2,6.0,0,16,online,opened,8,False,1
career_fair,100,14,24.0,4,14,city_venue,confirmed,2,False,0
workshop,100,14,,6,20,online,opened,10,False,1
career_fair,300,4,0.0,5,17,city_venue,opened,5,False,1
hackathon,300,30,3.0,4,8,campus,sent,10,False,0
career_fair,0,6,36.0,2,17,campus,sent,4,False,0
career_fair,0,11,0.0,5,12,city_venue,opened,4,False,1
hackathon,100,3,0.0,6,16,city_venue,confirmed,10,False,1
workshop,300,8,6.0,4,19,city_venue,sent,5,False,1
hackathon,100,3,0.0,3,22,city_venue,opened,5,False,1
career_fair,300,14,24.0,1,22,online,opened,0,False,0
workshop,0,28,3.0,5,10,campus,opened,10,False,0
career_fair,100,13,,6,16,online,confirmed,8,False,0
hackathon,100,13,48.0,1,12,city_venue,confirmed,4,True,0
hackathon,300,2,36.0,0,16,online,not_sent,0,False,0
career_fair,0,13,24.0,4,17,online,confirmed,7,True,0
cultural,100,29,,0,13,campus,confirmed,6,False,1
cultural,0,19,3.0,6,16,online,confirmed,6,False,1
hackathon,100,27,,5,14,campus,opened,4,False,1
hackathon,0,6,48.0,1,14,city_venue,confirmed,0,False,1
cultural,300,16,36.0,1,15,online,not_sent,8,False,0
cultural,100,2,24.0,4,14,city_venue,sent,10,False,0
career_fair,100,8,3.0,5,19,campus,confirmed,8,False,1
career_fair,0,17,6.0,3,16,city_venue,sent,7,False,0
cultural,0,23,48.0,3,18,city_venue,not_sent,4,False,0
career_fair,100,2,0.0,4,16,campus,confirmed,2,True,0
career_fair,300,10,48.0,5,13,city_venue,confirmed,7,True,0
workshop,0,28,3.0,4,14,city_venue,sent,0,False,0
career_fair,0,16,1.0,5,9,city_venue,confirmed,2,False,1
hackathon,0,6,1.0,6,22,online,opened,10,False,1
career_fair,100,28,0.0,6,16,city_venue,opened,6,False,1
career_fair,100,2,12.0,0,19,campus,confirmed,3,False,1
cultural,100,2,3.0,4,20,online,opened,6,False,1
hackathon,100,26,,5,8,online,sent,10,False,0
career_fair,300,13,24.0,3,8,campus,sent,4,False,0
career_fair,300,24,1.0,5,10,city_venue,opened,5,False,1
workshop,100,15,36.0,6,19,online,opened,6,False,1
career_fair,300,28,,5,13,online,confirmed,9,False,1
career_fair,0,2,36.0,4,12,online,confirmed,6,False,1
workshop,0,7,0.0,0,22,city_venue,opened,6,True,0
cultural,0,3,,0,9,online,confirmed,6,False,1
career_fair,100,8,48.0,0,16,campus,sent,10,False,1
workshop,0,23,1.0,0,21,city_venue,not_sent,6,False,0
hackathon,300,14,0.0,6,20,campus,confirmed,2,False,1
cultural,100,24,12.0,2,17,campus,not_sent,2,False,1
hackathon,300,30,1.0,4,21,online,sent,6,False,0
hackathon,0,23,48.0,1,11,online,opened,1,False,1
workshop,0,27,6.0,4,11,online,opened,1,False,0
career_fair,0,22,,2,12,campus,confirmed,2,False,1
workshop,100,29,24.0,0,22,city_venue,sent,3,False,1
workshop,300,7,1.0,2,15,online,not_sent,5,False,1
workshop,100,21,1.0,3,17,online,sent,7,False,0
workshop,100,7,24.0,3,11,campus,opened,9,False,1
cultural,0,1,36.0,6,12,city_venue,sent,9,False,0
career_fair,100,17,48.0,4,19,campus,opened,6,False,0
hackathon,100,9,3.0,4,11,online,confirmed,3,False,1
hackathon,0,30,3.0,1,21,campus,confirmed,1,False,0
career_fair,100,21,0.0,6,13,online,sent,1,False,1
hackathon,0,13,24.0,1,19,city_venue,opened,3,False,1
career_fair,0,21,0.0,3,10,campus,opened,5,False,0
hackathon,0,19,6.0,0,15,online,confirmed,2,True,0
workshop,0,21,24.0,2,13,online,confirmed,5,False,1
hackathon,100,19,,1,17,online,sent,4,False,1
career_fair,0,25,3.0,5,12,online,opened,4,False,1
career_fair,0,25,3.0,1,20,campus,sent,1,False,0
career_fair,100,22,24.0,0,22,online,not_sent,7,False,0
career_fair,100,17,24.0,0,9,campus,not_sent,4,False,0
career_fair,300,23,6.0,4,17,online,opened,10,False,0
cultural,100,23,,2,17,campus,opened,1,False,1
cultural,100,30,48.0,0,14,campus,not_sent,6,False,0
hackathon,300,10,3.0,6,9,online,opened,8,False,1
career_fair,100,10,3.0,1,8,online,sent,8,False,0
hackathon,100,4,12.0,1,14,online,opened,0,False,0
career_fair,100,8,36.0,3,12,online,sent,6,False,1
career_fair,100,22,0.0,0,8,city_venue,sent,8,False,0
cultural,300,20,36.0,5,22,online,opened,5,False,0
cultural,100,20,24.0,4,11,online,sent,0,False,0
workshop,100,18,3.0,2,19,online,opened,1,False,0
cultural,300,14,36.0,5,20,campus,sent,3,False,1
workshop,0,18,,4,11,online,opened,3,False,0
workshop,300,28,0.0,1,17,campus,sent,1,False,0
workshop,0,14,3.0,5,14,campus,opened,7,False,1
workshop,300,20,6.0,4,16,campus,confirmed,1,False,1
workshop,300,21,,1,9,campus,not_sent,2,False,0
hackathon,100,24,,1,19,city_venue,opened,3,False,0
cultural,0,15,12.0,1,21,online,not_sent,8,True,0
workshop,100,22,36.0,1,8,campus,opened,9,False,1
career_fair,0,30,12.0,6,9,online,sent,0,False,0
cultural,300,4,12.0,1,14,campus,opened,7,False,1
cultural,300,13,3.0,3,20,city_venue,opened,4,False,0
workshop,0,27,3.0,5,17,campus,confirmed,6,False,1
hackathon,100,23,3.0,4,13,online,opened,7,False,1
workshop,100,8,12.0,3,11,online,opened,4,False,0
hackathon,100,18,0.0,6,8,city_venue,opened,7,False,1
career_fair,100,12,,3,20,online,confirmed,9,False,1
cultural,300,23,1.0,0,8,online,confirmed,10,False,1
career_fair,300,14,3.0,0,12,campus,sent,7,False,1
hackathon,300,2,12.0,0,22,online,confirmed,8,True,0
hackathon,300,18,36.0,2,8,campus,opened,1,False,0
career_fair,300,24,0.0,0,19,city_venue,confirmed,2,False,1
hackathon,100,2,3.0,4,22,online,confirmed,0,False,0
career_fair,100,11,,3,14,campus,sent,3,False,1
cultural,100,9,3.0,4,20,online,opened,4,False,1
career_fair,100,12,3.0,5,18,campus,sent,10,False,1
cultural,300,17,48.0,0,8,city_venue,sent,0,False,0
career_fair,300,15,0.0,6,8,campus,sent,7,False,1
hackathon,300,25,12.0,2,9,online,opened,1,False,0
career_fair,0,17,6.0,5,20,campus,sent,0,False,0
hackathon,100,26,3.0,6,21,online,not_sent,1,False,0
career_fair,100,29,3.0,2,18,city_venue,opened,4,False,0
career_fair,300,26,0.0,5,19,campus,sent,8,False,0
workshop,100,18,3.0,3,17,online,not_sent,8,True,0
hackathon,100,22,0.0,4,10,online,sent,1,False,0
workshop,300,6,48.0,1,20,online,sent,1,False,0
hackathon,0,17,6.0,4,18,campus,opened,2,True,0
workshop,0,23,12.0,0,22,campus,not_sent,6,False,0
cultural,0,24,,6,8,campus,confirmed,10,False,1
career_fair,300,18,24.0,1,22,city_venue,opened,2,False,1
hackathon,100,8,0.0,2,16,online,sent,0,False,0
hackathon,300,9,,3,17,online,sent,5,False,1
career_fair,300,6,3.0,3,15,city_venue,opened,2,False,1
hackathon,100,5,1.0,2,12,city_venue,opened,0,False,0
hackathon,0,12,36.0,0,20,campus,not_sent,3,False,0
workshop,0,25,12.0,2,18,campus,sent,0,False,0
hackathon,300,29,6.0,5,9,campus,confirmed,0,False,1
cultural,0,28,3.0,6,12,campus,sent,1,False,0
cultural,300,11,12.0,6,13,campus,sent,9,False,1
career_fair,300,25,3.0,0,21,campus,confirmed,7,False,1
hackathon,100,1,,1,22,city_venue,opened,1,False,0
career_fair,100,11,3.0,2,8,city_venue,sent,10,False,1
cultural,100,19,,0,18,city_venue,opened,1,True,0
hackathon,300,9,12.0,6,11,online,not_sent,10,False,1
hackathon,100,27,48.0,1,16,online,opened,10,False,1
career_fair,0,2,36.0,2,9,campus,opened,9,False,0
cultural,0,12,36.0,3,12,city_venue,confirmed,9,False,0
hackathon,300,4,6.0,2,8,online,confirmed,7,False,1
career_fair,300,4,3.0,4,11,online,confirmed,5,False,1
cultural,100,18,3.0,2,11,city_venue,confirmed,10,False,1
career_fair,300,15,,4,13,online,opened,3,False,1
workshop,300,19,48.0,1,17,online,sent,2,False,0
hackathon,0,13,12.0,2,16,city_venue,opened,0,False,0
workshop,0,19,1.0,1,10,online,opened,10,False,1
cultural,100,17,6.0,1,16,city_venue,confirmed,2,False,1
workshop,300,6,24.0,6,13,online,sent,8,False,1
workshop,300,16,12.0,0,14,city_venue,confirmed,4,False,1
cultural,0,24,48.0,1,19,online,confirmed,5,False,1
career_fair,300,12,,1,17,online,confirmed,4,False,1
workshop,0,19,1.0,6,9,city_venue,confirmed,0,False,1
career_fair,100,5,12.0,6,18,online,sent,9,False,0
workshop,0,17,6.0,2,17,city_venue,not_sent,0,True,0
career_fair,300,26,3.0,6,21,city_venue,not_sent,3,False,0
cultural,100,23,1.0,2,13,online,sent,2,False,1
workshop,0,26,0.0,3,13,campus,opened,10,False,1
cultural,0,29,,6,9,online,confirmed,7,False,1
workshop,100,1,6.0,0,9,campus,confirmed,6,True,0
cultural,100,28,12.0,1,21,campus,opened,10,False,1
cultural,0,27,,0,9,online,not_sent,6,False,0
workshop,300,25,36.0,4,17,campus,sent,7,False,1
workshop,0,24,1.0,6,19,city_venue,not_sent,9,False,0
workshop,100,23,24.0,1,8,city_venue,sent,6,False,0
hackathon,0,10,12.0,0,12,campus,opened,9,False,1
career_fair,100,15,48.0,6,15,city_venue,not_sent,1,True,0
hackathon,100,23,36.0,6,9,online,sent,3,False,0
hackathon,300,21,36.0,3,20,city_venue,sent,10,False,0
cultural,100,21,6.0,3,22,campus,opened,5,False,0
workshop,100,11,48.0,1,12,online,opened,2,False,1
career_fair,300,13,0.0,4,19,city_venue,opened,2,False,1
cultural,100,5,1.0,3,15,online,opened,5,False,1
hackathon,300,1,6.0,3,17,campus,confirmed,0,False,0
workshop,300,24,0.0,4,21,city_venue,sent,0,False,0
cultural,100,12,3.0,0,12,online,opened,4,False,1
workshop,100,11,48.0,3,9,online,opened,0,False,0
cultural,0,17,,2,10,city_venue,opened,9,True,0
workshop,300,4,3.0,5,22,online,confirmed,7,True,0
hackathon,0,15,3.0,5,13,online,sent,1,False,1
career_fair,100,25,3.0,3,18,campus,opened,5,False,1
hackathon,0,30,3.0,0,18,campus,not_sent,9,True,0
career_fair,300,9,0.0,6,12,campus,opened,9,False,1
workshop,0,21,,0,18,campus,sent,4,False,0
cultural,300,20,3.0,1,11,campus,sent,9,False,0
hackathon,100,19,6.0,2,11,campus,opened,3,False,0
career_fair,100,19,0.0,0,12,city_venue,opened,0,False,0
hackathon,300,12,,4,9,campus,not_sent,2,False,1
career_fair,100,5,36.0,2,16,online,opened,3,False,1
hackathon,100,10,,5,9,city_venue,opened,1,False,1
career_fair,100,17,48.0,2,17,online,sent,1,False,0
career_fair,100,5,3.0,4,9,campus,opened,1,False,1
workshop,300,22,3.0,3,17,campus,opened,10,False,1
career_fair,0,16,36.0,4,21,online,opened,0,True,0
workshop,0,7,6.0,4,16,online,sent,9,True,0
career_fair,100,28,24.0,3,21,online,sent,1,False,0
cultural,0,9,0.0,3,10,city_venue,opened,5,False,1
cultural,0,3,0.0,3,22,campus,confirmed,2,False,1
cultural,100,15,12.0,3,17,online,opened,9,False,1
career_fair,100,16,24.0,3,14,campus,not_sent,4,True,0
workshop,0,18,36.0,4,11,online,opened,0,False,0
workshop,300,14,1.0,1,20,campus,confirmed,7,False,1
career_fair,100,3,12.0,1,20,city_venue,not_sent,3,False,0
cultural,300,12,1.0,0,13,campus,confirmed,8,False,1
cultural,0,9,0.0,1,21,online,confirmed,3,True,0
workshop,100,28,6.0,5,11,campus,not_sent,1,False,0
cultural,300,7,1.0,1,17,city_venue,confirmed,2,True,0
hackathon,100,9,3.0,4,22,city_venue,sent,4,False,1
workshop,0,13,3.0,3,14,campus,confirmed,9,False,1
cultural,300,18,3.0,3,8,online,opened,5,True,0
workshop,0,5,0.0,6,10,city_venue,opened,6,False,1
hackathon,0,13,0.0,6,20,city_venue,opened,3,False,0
workshop,100,4,1.0,6,10,campus,confirmed,6,False,1
workshop,300,2,0.0,4,8,city_venue,not_sent,9,False,1
workshop,0,16,24.0,5,13,city_venue,opened,2,False,0
workshop,0,9,3.0,1,22,online,sent,6,False,1
hackathon,300,9,3.0,4,20,online,sent,3,True,0
career_fair,0,6,6.0,0,18,online,sent,7,False,0
workshop,0,11,24.0,3,21,campus,opened,8,True,0
workshop,300,22,,6,16,city_venue,sent,6,False,0
cultural,300,24,36.0,2,15,campus,not_sent,7,False,0
workshop,300,22,36.0,0,18,city_venue,not_sent,7,True,0
cultural,300,1,12.0,6,14,city_venue,not_sent,1,False,0
career_fair,100,4,36.0,5,17,city_venue,opened,8,False,1
hackathon,300,13,12.0,0,15,online,confirmed,5,False,1
hackathon,100,23,3.0,4,13,campus,not_sent,10,False,0
career_fair,100,13,3.0,1,16,campus,confirmed,3,False,1
hackathon,100,13,3.0,3,10,city_venue,opened,4,False,1
career_fair,0,2,,5,22,campus,opened,9,False,1
career_fair,100,9,12.0,5,17,online,opened,4,False,0
career_fair,100,24,36.0,2,17,campus,confirmed,6,False,1
hackathon,0,8,6.0,0,16,city_venue,not_sent,8,False,1
cultural,0,7,6.0,2,11,online,opened,6,False,0
career_fair,0,4,1.0,1,14,online,opened,8,False,1
workshop,300,18,1.0,6,22,city_venue,opened,3,False,0
hackathon,0,3,48.0,1,20,campus,confirmed,9,False,1
career_fair,0,28,24.0,6,16,city_venue,not_sent,9,False,1
career_fair,100,6,6.0,2,9,campus,opened,3,False,1
workshop,0,12,48.0,3,9,campus,opened,5,False,0
cultural,300,12,3.0,1,16,online,sent,7,False,1
cultural,0,21,,2,19,city_venue,sent,8,False,1
cultural,300,28,6.0,0,20,online,opened,0,False,0
career_fair,0,8,6.0,2,10,city_venue,confirmed,0,True,0
career_fair,0,22,3.0,2,16,city_venue,opened,7,True,0
career_fair,0,22,1.0,4,20,online,confirmed,10,False,1
hackathon,0,1,1.0,1,22,city_venue,opened,6,False,1
workshop,300,4,24.0,3,12,city_venue,not_sent,8,False,1
career_fair,300,21,,3,13,campus,not_sent,10,False,0
workshop,100,28,48.0,4,9,city_venue,not_sent,2,False,1
workshop,300,11,1.0,6,15,city_venue,sent,9,False,1
cultural,0,3,12.0,5,18,online,sent,4,True,0
hackathon,100,13,1.0,6,16,online,opened,2,True,0
career_fair,100,25,0.0,3,9,city_venue,opened,4,False,1
cultural,100,17,24.0,2,13,campus,not_sent,9,False,0
cultural,0,22,12.0,4,13,campus,sent,0,False,0
career_fair,300,22,0.0,0,15,online,sent,10,False,1
workshop,0,10,0.0,1,17,city_venue,opened,3,False,1
cultural,100,21,,1,19,city_venue,not_sent,5,False,0
workshop,0,12,0.0,1,12,campus,not_sent,1,False,0
hackathon,0,15,12.0,2,16,campus,confirmed,6,False,1
workshop,300,21,12.0,0,8,campus,confirmed,7,False,1
hackathon,300,10,1.0,4,16,online,sent,0,False,0
workshop,100,14,1.0,4,17,city_venue,opened,3,False,1
cultural,0,13,6.0,1,14,online,sent,10,False,0
cultural,0,5,36.0,0,11,city_venue,confirmed,3,False,1
hackathon,300,6,12.0,0,10,online,opened,4,False,1
career_fair,0,24,24.0,0,21,city_venue,not_sent,3,False,0
hackathon,0,2,,3,17,campus,opened,8,False,0
hackathon,0,22,36.0,3,22,campus,sent,6,False,0
workshop,300,17,6.0,1,18,campus,sent,1,False,0
workshop,100,4,12.0,0,21,online,sent,0,False,1
hackathon,100,14,24.0,5,13,campus,opened,8,True,0
cultural,0,10,24.0,0,19,city_venue,sent,0,False,0
workshop,100,3,12.0,4,20,online,sent,5,False,1
career_fair,300,25,24.0,4,8,city_venue,sent,1,True,0
workshop,300,3,0.0,1,10,online,not_sent,3,False,0
workshop,100,15,6.0,5,9,city_venue,confirmed,5,False,1
career_fair,100,6,3.0,0,18,city_venue,sent,4,False,0
hackathon,0,17,1.0,6,20,online,not_sent,10,False,0
career_fair,100,12,0.0,5,16,online,opened,5,False,1
hackathon,0,22,24.0,1,10,campus,confirmed,2,False,1
hackathon,0,20,12.0,4,20,campus,confirmed,4,False,1
hackathon,300,24,3.0,6,9,city_venue,opened,1,False,0
career_fair,300,29,12.0,4,11,city_venue,sent,6,False,0
hackathon,300,11,12.0,3,22,city_venue,opened,2,False,1
cultural,300,25,1.0,1,21,online,opened,0,False,0
career_fair,100,4,24.0,1,9,online,sent,7,False,0
cultural,300,26,48.0,0,8,campus,confirmed,7,False,0
hackathon,100,28,48.0,0,13,city_venue,not_sent,2,False,0
workshop,300,26,24.0,3,22,campus,confirmed,6,False,1
hackathon,100,6,12.0,6,17,online,confirmed,8,False,1
cultural,0,1,0.0,2,15,online,opened,7,False,0
cultural,100,20,3.0,5,17,online,confirmed,2,False,1
career_fair,100,23,0.0,2,17,campus,opened,1,False,0
workshop,300,28,,2,9,online,sent,9,False,0
career_fair,100,16,1.0,1,21,city_venue,opened,6,False,1
cultural,0,15,1.0,5,16,campus,not_sent,6,False,0
hackathon,0,17,,1,22,online,sent,8,False,0
workshop,300,8,,5,20,campus,opened,4,False,1
hackathon,0,28,36.0,4,10,campus,sent,3,False,0
hackathon,100,26,0.0,1,15,online,sent,7,False,0
workshop,0,12,0.0,1,19,online,opened,3,False,1
career_fair,300,27,6.0,1,15,campus,confirmed,3,True,0
hackathon,100,22,1.0,6,22,campus,not_sent,1,False,1
cultural,300,21,0.0,3,10,online,sent,0,False,0
hackathon,100,10,12.0,1,10,city_venue,sent,3,False,1
workshop,0,27,,0,19,campus,opened,6,False,1
workshop,300,15,6.0,0,22,campus,not_sent,8,False,0
workshop,300,30,24.0,5,13,city_venue,opened,8,False,1
career_fair,100,9,24.0,4,8,online,sent,9,False,1
hackathon,300,2,3.0,3,11,online,sent,0,False,0
career_fair,100,5,24.0,6,8,city_venue,confirmed,4,False,1
career_fair,100,6,3.0,5,21,online,not_sent,6,False,1
workshop,100,7,1.0,0,10,online,opened,6,False,1
workshop,100,21,36.0,3,16,campus,not_sent,9,True,0
career_fair,0,25,1.0,3,21,campus,opened,5,False,0
hackathon,100,1,,4,21,campus,opened,10,False,1
cultural,300,23,1.0,3,12,city_venue,sent,9,False,0
career_fair,0,26,24.0,1,19,online,not_sent,3,False,0
hackathon,300,7,6.0,3,12,online,sent,2,False,0
workshop,0,20,1.0,4,18,campus,opened,8,False,0
workshop,100,25,0.0,5,11,campus,confirmed,9,False,0
hackathon,0,30,24.0,4,10,city_venue,opened,3,False,1
cultural,0,12,48.0,6,12,online,opened,7,False,1
workshop,300,16,48.0,4,22,city_venue,sent,0,False,0
workshop,300,16,12.0,0,21,online,sent,6,False,0
workshop,100,11,36.0,1,18,city_venue,sent,5,False,0
hackathon,0,21,24.0,0,11,campus,sent,0,False,0
career_fair,0,4,36.0,5,15,city_venue,sent,3,False,1
workshop,0,13,12.0,2,11,city_venue,opened,4,True,0
career_fair,100,7,24.0,5,18,campus,opened,10,False,1
cultural,100,4,48.0,1,19,online,confirmed,7,False,1
workshop,100,15,6.0,3,15,online,sent,3,False,1
workshop,100,19,48.0,4,13,campus,opened,2,False,1
cultural,100,9,24.0,2,22,city_venue,confirmed,1,False,0
workshop,300,11,1.0,1,21,city_venue,opened,3,False,1
career_fair,0,8,0.0,0,19,city_venue,sent,10,False,1
hackathon,0,1,6.0,4,18,online,sent,9,False,1
career_fair,0,23,12.0,5,12,city_venue,not_sent,3,True,0
hackathon,0,25,48.0,0,11,online,sent,9,True,0
hackathon,0,24,1.0,1,11,city_venue,opened,4,False,1
career_fair,0,8,48.0,1,19,campus,not_sent,6,False,0
career_fair,0,13,,5,11,campus,sent,8,True,0
career_fair,0,22,1.0,2,18,online,opened,1,False,1
career_fair,300,27,,5,20,online,confirmed,4,False,1
cultural,0,4,,3,20,campus,opened,10,False,0
workshop,300,8,36.0,0,16,campus,opened,9,False,1
hackathon,100,3,48.0,2,11,city_venue,sent,8,False,0
career_fair,0,29,,4,19,campus,sent,2,False,1
career_fair,100,9,24.0,6,16,online,sent,0,False,1
career_fair,100,29,3.0,3,20,campus,opened,1,False,0
cultural,100,2,48.0,2,17,online,confirmed,5,False,1
career_fair,300,2,24.0,6,13,online,not_sent,4,False,0
career_fair,100,28,24.0,6,17,city_venue,opened,0,False,0
career_fair,100,13,3.0,0,20,city_venue,sent,0,True,0
workshop,100,15,36.0,1,14,city_venue,opened,10,False,0
cultural,0,28,0.0,4,19,city_venue,not_sent,3,True,0
career_fair,0,23,,5,17,campus,sent,3,False,0
hackathon,300,12,6.0,0,10,city_venue,confirmed,5,False,0
hackathon,300,26,1.0,3,15,campus,opened,5,False,0
hackathon,0,4,12.0,6,10,city_venue,opened,9,True,0
cultural,300,26,0.0,3,8,city_venue,sent,5,False,1
cultural,0,8,36.0,6,20,online,sent,0,False,1
hackathon,100,9,,1,20,campus,sent,9,False,0
career_fair,100,23,48.0,1,17,online,confirmed,8,False,0
cultural,300,5,1.0,4,19,city_venue,confirmed,10,False,1
hackathon,0,24,1.0,5,12,campus,opened,6,False,1
hackathon,0,20,48.0,4,9,city_venue,sent,6,False,0
career_fair,300,18,,1,17,online,confirmed,10,True,0
workshop,0,11,12.0,1,21,campus,opened,6,True,0
cultural,100,15,12.0,3,13,online,opened,1,False,0
career_fair,300,28,3.0,1,20,city_venue,sent,1,False,0
hackathon,300,22,,2,17,city_venue,opened,5,True,0
hackathon,0,9,24.0,6,16,city_venue,opened,6,False,1
career_fair,300,17,3.0,0,8,campus,confirmed,2,False,1
cultural,0,27,3.0,1,21,online,confirmed,3,False,1
workshop,0,26,,4,20,online,sent,2,False,0
workshop,0,12,0.0,5,11,city_venue,opened,6,False,1
hackathon,0,7,6.0,6,22,online,confirmed,6,False,1
cultural,0,10,12.0,6,8,campus,sent,3,False,0
workshop,300,25,1.0,5,8,city_venue,sent,6,True,0
cultural,100,26,0.0,5,15,city_venue,not_sent,4,False,0
cultural,100,25,48.0,6,21,city_venue,opened,0,True,0
hackathon,300,10,,2,21,campus,sent,9,False,1
workshop,300,27,48.0,4,20,city_venue,opened,3,False,0
career_fair,100,13,,2,21,city_venue,sent,6,False,0
hackathon,100,19,12.0,1,18,city_venue,confirmed,1,False,0
workshop,100,11,48.0,0,22,city_venue,sent,1,False,0
workshop,100,13,6.0,5,9,online,sent,0,False,0
workshop,100,21,24.0,4,8,city_venue,opened,1,False,1
workshop,0,8,,5,18,campus,opened,9,False,1
workshop,300,8,3.0,2,15,city_venue,sent,7,False,0
cultural,0,4,6.0,3,11,city_venue,sent,10,False,1
hackathon,100,15,12.0,1,10,online,sent,7,False,0
cultural,100,28,1.0,0,20,city_venue,opened,7,False,1
career_fair,100,11,0.0,1,19,online,confirmed,0,False,1
workshop,0,11,48.0,3,11,campus,opened,0,False,0
hackathon,0,1,,0,21,online,opened,9,True,0
workshop,100,17,6.0,3,18,city_venue,opened,3,True,0
hackathon,0,15,0.0,1,12,campus,not_sent,5,False,1
cultural,0,20,0.0,2,8,city_venue,confirmed,7,False,1
hackathon,100,6,,6,22,online,confirmed,1,False,1
career_fair,0,24,12.0,1,21,campus,sent,2,False,0
career_fair,300,22,6.0,1,18,campus,sent,5,False,0
hackathon,300,28,12.0,1,8,online,not_sent,9,False,0
hackathon,300,25,3.0,4,10,online,not_sent,3,False,0
hackathon,300,15,12.0,3,13,campus,opened,1,False,1
hackathon,100,9,,3,8,campus,opened,6,False,0
career_fair,100,14,24.0,5,21,online,confirmed,3,False,1
workshop,100,18,36.0,3,18,city_venue,opened,7,True,0
hackathon,300,26,6.0,5,19,campus,opened,7,False,1
hackathon,300,17,36.0,4,22,online,opened,6,False,0
career_fair,0,18,24.0,2,9,city_venue,not_sent,9,False,0
career_fair,0,5,1.0,5,22,campus,sent,8,False,0
cultural,300,20,24.0,1,19,campus,opened,3,False,1
hackathon,300,20,3.0,2,21,online,not_sent,6,False,0
cultural,300,9,48.0,6,14,city_venue,not_sent,9,False,1
career_fair,300,11,6.0,4,21,campus,confirmed,9,True,0
career_fair,0,24,,3,21,city_venue,opened,0,False,0
workshop,300,22,0.0,5,8,city_venue,sent,3,False,0
hackathon,0,1,48.0,1,20,campus,opened,1,False,1
cultural,300,18,24.0,0,21,city_venue,confirmed,8,False,1
career_fair,300,6,36.0,6,22,campus,sent,4,False,0
career_fair,300,27,3.0,0,14,city_venue,not_sent,2,False,1
cultural,0,2,12.0,2,22,campus,confirmed,3,False,1
workshop,0,15,48.0,3,11,online,sent,5,False,0
career_fair,100,29,3.0,0,17,campus,not_sent,9,False,0
hackathon,300,26,3.0,2,21,campus,opened,0,False,1
career_fair,100,21,12.0,4,13,campus,confirmed,6,False,1
hackathon,100,14,12.0,2,21,city_venue,sent,7,False,0
cultural,0,5,3.0,6,15,online,sent,6,False,1
hackathon,0,6,3.0,2,16,city_venue,sent,6,True,0
cultural,100,6,3.0,6,13,city_venue,confirmed,8,False,1
hackathon,300,30,36.0,2,19,campus,sent,3,False,1
cultural,0,22,24.0,1,18,city_venue,opened,6,False,1
hackathon,300,30,48.0,2,20,campus,confirmed,8,False,1
workshop,300,18,,5,22,online,not_sent,4,False,0
hackathon,100,14,12.0,2,21,city_venue,confirmed,1,False,0
hackathon,100,10,0.0,1,16,city_venue,confirmed,4,False,0
workshop,100,14,0.0,1,11,city_venue,confirmed,3,False,0
career_fair,100,13,3.0,4,13,campus,sent,7,False,0
career_fair,0,30,,6,15,campus,opened,4,False,0
hackathon,0,3,12.0,3,16,city_venue,confirmed,8,False,1
workshop,100,30,3.0,0,10,city_venue,confirmed,8,False,1
hackathon,0,6,6.0,0,9,online,sent,2,False,0
cultural,100,29,24.0,2,13,online,confirmed,9,False,0
cultural,300,8,24.0,4,11,online,sent,5,False,0
hackathon,300,12,1.0,2,8,online,sent,5,True,0
career_fair,300,13,,0,15,online,opened,3,False,1
career_fair,100,11,12.0,6,16,campus,confirmed,10,False,1
hackathon,300,12,1.0,6,21,online,opened,9,True,0
hackathon,0,1,,6,16,online,opened,2,False,1
cultural,300,17,0.0,1,9,city_venue,confirmed,0,False,0
career_fair,300,16,,3,16,campus,sent,6,False,0
hackathon,300,11,,4,14,online,opened,4,False,1
cultural,0,13,36.0,1,12,online,sent,9,False,0
career_fair,100,18,36.0,3,14,online,sent,6,False,0
workshop,0,11,6.0,4,20,city_venue,opened,0,False,1
cultural,100,28,,4,16,city_venue,confirmed,7,False,1
career_fair,100,12,12.0,0,15,city_venue,opened,2,False,1
career_fair,300,6,36.0,1,13,online,confirmed,6,False,0
cultural,100,9,,4,20,city_venue,not_sent,2,False,0
workshop,0,16,,5,11,online,sent,2,False,0
cultural,0,4,48.0,6,20,campus,opened,9,False,0
career_fair,100,3,3.0,4,22,online,not_sent,8,False,1
hackathon,300,28,,3,8,city_venue,sent,1,False,1
hackathon,300,16,24.0,0,13,campus,opened,3,False,0
cultural,0,24,,2,10,online,not_sent,5,False,0
career_fair,300,27,24.0,6,13,campus,sent,2,False,0
hackathon,100,26,3.0,0,13,campus,opened,9,False,1
career_fair,100,30,6.0,2,21,campus,opened,9,False,0
cultural,0,25,12.0,1,11,online,confirmed,6,False,1
hackathon,100,12,48.0,1,9,city_venue,opened,6,False,0
career_fair,0,11,3.0,4,22,online,opened,4,True,0
hackathon,100,5,24.0,5,16,city_venue,confirmed,2,False,1
cultural,0,25,6.0,1,9,online,confirmed,1,True,0
career_fair,300,18,48.0,4,10,online,sent,3,False,0
hackathon,100,19,12.0,6,17,online,not_sent,3,False,0
cultural,100,23,0.0,0,8,city_venue,opened,10,False,0
hackathon,0,23,1.0,1,14,online,opened,7,False,0
hackathon,0,6,0.0,0,22,campus,confirmed,7,False,1
workshop,100,22,12.0,0,8,online,opened,4,False,1
workshop,0,18,1.0,5,18,campus,opened,5,False,1
cultural,100,26,1.0,1,16,city_venue,confirmed,7,True,0
workshop,300,6,,0,18,city_venue,opened,0,False,1
cultural,0,4,,5,18,online,not_sent,4,False,0
workshop,100,12,12.0,5,8,online,confirmed,3,False,1
hackathon,300,19,,1,12,online,sent,3,False,0
cultural,300,29,0.0,5,14,campus,confirmed,10,False,1
cultural,100,27,24.0,1,10,city_venue,confirmed,1,False,1
hackathon,0,29,24.0,1,16,campus,opened,9,False,0
cultural,100,2,12.0,2,15,campus,opened,0,False,0
cultural,300,17,6.0,0,20,online,opened,5,False,1
workshop,100,11,12.0,3,22,online,sent,6,False,1
cultural,0,11,6.0,1,10,campus,sent,4,False,1
career_fair,300,21,36.0,0,22,campus,opened,7,False,0
hackathon,100,16,1.0,6,12,online,confirmed,8,False,0
workshop,0,2,1.0,5,14,online,opened,10,False,0
workshop,300,2,1.0,4,19,campus,sent,10,True,0
career_fair,0,23,3.0,1,21,online,opened,1,False,1
hackathon,300,8,12.0,5,11,online,confirmed,10,False,1
hackathon,100,13,1.0,5,12,campus,opened,3,False,1
workshop,0,10,,5,10,campus,opened,10,False,1
cultural,300,8,3.0,5,16,city_venue,confirmed,8,False,1
workshop,0,30,1.0,5,17,campus,opened,4,False,1
hackathon,0,4,24.0,1,16,online,opened,2,False,0
career_fair,100,15,0.0,6,14,campus,confirmed,5,False,0
workshop,0,30,24.0,3,17,campus,sent,2,False,0
hackathon,300,1,36.0,2,9,campus,confirmed,4,False,0
workshop,300,11,3.0,5,14,city_venue,not_sent,2,False,1
cultural,300,7,0.0,5,14,city_venue,not_sent,5,True,0
workshop,300,17,6.0,2,18,online,confirmed,9,False,1
workshop,100,27,0.0,6,12,city_venue,sent,4,False,1
hackathon,0,20,1.0,6,16,campus,opened,8,False,0
hackathon,100,24,3.0,1,20,city_venue,confirmed,2,False,1
hackathon,0,18,3.0,0,19,campus,confirmed,5,False,1
workshop,0,22,12.0,4,18,city_venue,confirmed,7,True,0
cultural,0,29,24.0,4,10,city_venue,sent,6,False,1
career_fair,100,22,24.0,0,11,city_venue,opened,5,False,1
career_fair,0,12,1.0,1,8,campus,not_sent,1,False,0
hackathon,100,9,1.0,4,13,city_venue,opened,6,False,1
hackathon,300,5,,6,11,campus,confirmed,7,False,1
workshop,300,10,12.0,2,8,campus,sent,0,False,0
career_fair,0,4,,0,9,online,opened,8,False,1
hackathon,100,5,6.0,6,22,city_venue,opened,3,False,0
cultural,300,28,24.0,3,10,online,opened,7,False,0
cultural,100,28,12.0,1,16,online,confirmed,9,False,1
hackathon,100,10,3.0,0,20,campus,not_sent,6,False,0
hackathon,0,11,12.0,4,15,city_venue,opened,9,False,1
career_fair,300,21,12.0,1,14,campus,confirmed,6,False,1
career_fair,0,24,3.0,2,20,campus,opened,1,False,0
workshop,0,10,3.0,1,22,city_venue,not_sent,0,False,0
career_fair,300,28,48.0,1,18,campus,opened,3,False,1
cultural,300,8,,2,19,city_venue,sent,1,False,0
cultural,100,2,6.0,5,21,city_venue,sent,7,False,1
hackathon,300,23,3.0,2,11,campus,confirmed,9,False,0
career_fair,100,8,1.0,6,8,campus,opened,6,False,1
workshop,100,16,24.0,1,15,online,confirmed,7,False,0
cultural,100,27,6.0,2,11,campus,confirmed,10,False,1
cultural,300,22,,5,10,city_venue,opened,5,False,1
workshop,0,5,6.0,6,16,online,not_sent,0,False,1
workshop,100,27,6.0,0,17,city_venue,opened,8,False,1
cultural,0,25,24.0,2,11,online,sent,5,True,0
cultural,0,29,48.0,2,11,campus,confirmed,9,False,0
workshop,300,3,12.0,1,21,campus,sent,0,False,0
cultural,0,12,6.0,6,16,campus,sent,0,False,1
hackathon,0,13,,0,20,city_venue,opened,7,False,1
hackathon,300,13,0.0,3,19,online,sent,5,False,1
workshop,100,10,,3,18,city_venue,sent,7,False,0
career_fair,0,4,1.0,4,19,online,opened,7,False,1
workshop,300,9,48.0,2,21,campus,not_sent,10,False,1
workshop,0,22,24.0,2,9,city_venue,not_sent,7,False,0
career_fair,0,24,6.0,0,21,campus,sent,9,False,1
career_fair,100,23,,5,19,city_venue,opened,6,False,1
career_fair,0,27,0.0,3,12,campus,opened,6,False,1
hackathon,300,2,3.0,4,22,city_venue,opened,9,False,1
cultural,0,19,24.0,0,11,city_venue,opened,3,False,0
hackathon,100,1,6.0,2,16,online,sent,8,False,0
cultural,100,25,24.0,3,19,campus,confirmed,1,True,0
hackathon,300,29,0.0,6,12,online,not_sent,10,False,0
cultural,100,7,1.0,4,16,online,opened,8,False,1
hackathon,0,17,1.0,1,18,campus,confirmed,9,False,0
career_fair,100,3,1.0,3,16,city_venue,confirmed,2,False,1
workshop,300,20,12.0,4,21,online,sent,1,False,0
hackathon,100,20,36.0,0,9,campus,sent,3,False,0
cultural,100,21,,1,21,city_venue,opened,4,False,0
career_fair,100,30,48.0,4,22,online,not_sent,1,False,0
hackathon,300,3,1.0,4,16,online,confirmed,0,False,1
hackathon,100,3,12.0,2,10,online,opened,9,False,1
career_fair,100,17,1.0,5,11,city_venue,opened,10,False,1
hackathon,0,7,3.0,3,8,online,not_sent,4,False,1
workshop,300,27,12.0,2,21,city_venue,opened,8,True,0
hackathon,100,26,0.0,6,8,online,opened,4,False,0
workshop,300,14,3.0,1,8,campus,confirmed,10,True,0
workshop,100,17,,5,16,online,not_sent,9,False,1
career_fair,100,18,12.0,4,18,campus,not_sent,8,False,0
hackathon,100,13,12.0,2,15,campus,sent,9,False,1
career_fair,0,20,0.0,5,12,campus,not_sent,5,False,1
hackathon,0,29,3.0,6,12,city_venue,opened,2,False,0
hackathon,0,20,,3,16,campus,confirmed,3,False,1
cultural,300,21,1.0,6,10,online,sent,3,False,0
hackathon,300,27,6.0,1,10,city_venue,confirmed,0,False,1
career_fair,0,18,0.0,0,14,campus,not_sent,2,False,0
workshop,300,4,12.0,2,16,city_venue,sent,2,False,1
hackathon,100,1,0.0,1,13,city_venue,not_sent,0,False,0
cultural,100,18,48.0,0,21,city_venue,sent,8,False,0
career_fair,100,1,48.0,2,9,online,confirmed,10,False,1
hackathon,0,26,48.0,1,8,campus,not_sent,0,False,0
career_fair,300,26,3.0,6,9,city_venue,opened,8,False,1
cultural,0,13,48.0,1,21,city_venue,opened,0,True,0
cultural,300,20,12.0,5,21,city_venue,confirmed,1,False,1
career_fair,100,20,6.0,6,8,campus,not_sent,1,False,0
hackathon,0,23,24.0,2,17,city_venue,sent,5,False,0
workshop,300,10,0.0,1,17,city_venue,not_sent,6,False,0
cultural,300,27,1.0,4,16,online,opened,10,False,0
hackathon,100,11,36.0,2,22,campus,sent,0,False,0
hackathon,0,9,3.0,1,17,online,confirmed,2,False,1
workshop,0,9,24.0,5,22,campus,opened,1,True,0
cultural,0,5,6.0,0,19,campus,opened,7,False,1
cultural,100,26,,0,21,campus,opened,8,False,1
hackathon,0,1,,4,20,online,not_sent,1,False,1
hackathon,100,17,,2,15,online,opened,1,False,1
workshop,100,22,3.0,5,22,online,confirmed,9,False,1
workshop,100,2,1.0,1,14,online,confirmed,8,False,1
cultural,300,24,12.0,1,22,city_venue,confirmed,3,False,1
career_fair,0,13,0.0,0,10,city_venue,confirmed,4,False,1
cultural,0,9,0.0,5,15,city_venue,not_sent,10,False,0
hackathon,100,29,12.0,6,9,campus,sent,8,True,0
cultural,100,4,12.0,4,9,city_venue,not_sent,5,False,0
career_fair,0,5,,0,18,campus,sent,9,False,0
workshop,100,11,3.0,0,17,online,not_sent,8,False,0
career_fair,0,24,3.0,4,10,campus,opened,8,True,0
career_fair,300,19,1.0,2,14,campus,opened,6,False,1
career_fair,100,21,,1,8,city_venue,confirmed,9,False,1
workshop,0,3,36.0,2,15,online,opened,8,False,0
career_fair,100,12,48.0,5,19,online,confirmed,4,True,0
career_fair,0,26,,6,14,city_venue,not_sent,4,True,0
career_fair,0,19,12.0,3,11,online,not_sent,7,False,0
hackathon,100,19,12.0,3,21,online,opened,9,False,1
career_fair,300,13,6.0,3,22,online,sent,3,False,1
workshop,0,28,24.0,4,12,city_venue,sent,8,False,0
career_fair,0,7,12.0,0,17,online,sent,6,False,1
career_fair,0,15,12.0,6,20,campus,sent,6,False,0
workshop,300,23,,2,8,campus,opened,2,False,1
career_fair,300,7,,1,11,online,opened,3,False,1
workshop,100,26,48.0,3,22,city_venue,opened,6,False,0
career_fair,300,8,36.0,2,8,city_venue,opened,10,False,1
workshop,100,5,36.0,3,8,city_venue,sent,10,False,1
career_fair,100,21,1.0,6,17,online,sent,4,False,0
career_fair,300,14,0.0,3,8,online,sent,2,True,0
hackathon,100,4,36.0,1,14,campus,sent,0,False,0
hackathon,300,23,36.0,5,14,city_venue,opened,6,False,0
career_fair,100,10,0.0,5,11,campus,confirmed,5,False,1
career_fair,300,20,,6,22,campus,opened,9,True,0
cultural,300,15,0.0,5,20,city_venue,sent,6,False,0
workshop,100,18,3.0,4,19,online,opened,1,False,0
cultural,0,20,24.0,0,9,online,opened,3,False,0
hackathon,100,13,1.0,4,19,campus,opened,1,False,1
hackathon,300,29,0.0,2,10,campus,opened,7,False,0
hackathon,0,8,6.0,4,15,campus,opened,6,False,1
hackathon,100,9,36.0,2,20,campus,opened,0,False,1
career_fair,100,16,6.0,2,15,city_venue,opened,1,False,1
hackathon,100,19,24.0,0,18,campus,not_sent,1,False,0
career_fair,0,16,24.0,1,18,campus,opened,3,False,1
career_fair,300,7,0.0,6,13,online,not_sent,2,False,0
hackathon,100,14,,0,22,online,not_sent,0,False,1
hackathon,100,28,0.0,6,17,online,confirmed,1,False,1
workshop,100,14,,5,16,city_venue,confirmed,10,False,1
cultural,100,25,12.0,5,18,city_venue,not_sent,8,False,1
hackathon,100,27,,4,19,online,opened,0,False,0
workshop,300,4,1.0,2,16,online,sent,8,False,0
workshop,300,26,12.0,3,11,campus,opened,6,False,1
cultural,100,15,1.0,3,19,campus,confirmed,1,False,1
career_fair,0,3,0.0,6,8,city_venue,confirmed,1,False,1
hackathon,300,5,24.0,2,8,city_venue,opened,4,False,1
cultural,0,1,3.0,6,22,campus,sent,4,False,1
hackathon,300,3,24.0,0,19,online,opened,3,False,1
workshop,100,15,1.0,1,17,campus,sent,9,False,1
workshop,300,24,6.0,0,22,city_venue,confirmed,9,False,1
career_fair,100,27,48.0,2,12,city_venue,confirmed,2,False,1
workshop,300,8,6.0,2,21,campus,opened,3,False,1
workshop,100,29,24.0,1,20,campus,sent,9,False,0
cultural,100,4,24.0,6,9,campus,sent,3,False,0
hackathon,100,2,48.0,4,22,city_venue,not_sent,1,False,0
hackathon,100,29,6.0,4,13,online,confirmed,4,False,1
cultural,0,24,36.0,1,14,campus,opened,4,False,0
career_fair,100,24,,4,8,city_venue,sent,4,False,0
hackathon,0,10,36.0,3,13,city_venue,opened,10,False,1
workshop,0,4,12.0,4,15,city_venue,confirmed,10,False,1
hackathon,100,3,24.0,4,19,campus,not_sent,9,False,0
workshop,0,2,36.0,4,12,campus,confirmed,0,False,0
career_fair,300,25,24.0,3,21,online,confirmed,5,False,1
cultural,100,17,0.0,6,19,city_venue,confirmed,10,False,1
hackathon,0,23,1.0,4,14,campus,sent,1,True,0
cultural,100,21,48.0,5,17,city_venue,sent,6,False,0
hackathon,100,24,3.0,3,13,city_venue,sent,3,False,0
workshop,100,20,36.0,1,11,online,sent,4,False,0
cultural,0,23,6.0,0,22,campus,sent,4,False,0
hackathon,300,13,12.0,1,22,campus,opened,4,False,0
workshop,300,5,0.0,0,14,city_venue,opened,1,False,1
cultural,0,30,1.0,1,17,city_venue,confirmed,4,False,1
cultural,100,21,,5,16,online,not_sent,2,False,1
hackathon,0,30,,0,17,online,opened,3,False,1
hackathon,0,9,24.0,0,17,online,confirmed,1,False,0
hackathon,0,25,12.0,2,20,online,confirmed,3,False,0
workshop,100,29,24.0,0,14,online,confirmed,8,False,1
hackathon,0,25,24.0,0,19,online,opened,7,False,0
cultural,100,28,24.0,2,21,city_venue,confirmed,10,False,1
cultural,0,22,0.0,4,12,online,sent,2,False,0
hackathon,300,6,24.0,4,14,city_venue,opened,0,False,1
hackathon,0,5,36.0,2,10,city_venue,not_sent,0,False,0
career_fair,0,25,,3,9,campus,not_sent,5,False,0
cultural,300,10,0.0,0,18,city_venue,sent,2,True,0
workshop,100,8,36.0,0,22,city_venue,not_sent,3,True,0
career_fair,100,7,24.0,2,12,online,sent,0,False,0
hackathon,0,7,6.0,2,11,city_venue,sent,7,False,1
hackathon,300,6,1.0,3,12,online,not_sent,0,False,0
cultural,100,21,6.0,5,15,online,confirmed,4,False,1
hackathon,0,29,6.0,4,19,online,not_sent,5,True,0
workshop,300,20,3.0,1,11,campus,opened,1,False,1
cultural,100,3,36.0,5,22,online,sent,6,True,0
hackathon,100,19,36.0,6,16,city_venue,confirmed,6,False,0
cultural,300,22,24.0,4,14,online,confirmed,0,False,1
hackathon,300,15,,0,17,online,opened,3,False,1
hackathon,300,4,6.0,6,20,online,opened,3,False,1
hackathon,300,28,3.0,5,19,campus,not_sent,4,False,0
workshop,0,12,24.0,2,14,city_venue,confirmed,0,False,1
workshop,300,6,1.0,3,22,campus,confirmed,0,False,1
cultural,100,19,3.0,4,20,city_venue,confirmed,6,False,1
hackathon,100,4,3.0,3,20,campus,opened,8,False,1
hackathon,0,15,0.0,6,15,city_venue,sent,0,False,0
workshop,100,9,48.0,4,19,campus,confirmed,1,False,1
hackathon,100,5,3.0,5,13,online,sent,5,False,0
workshop,300,13,12.0,0,15,campus,opened,5,False,1
hackathon,100,23,0.0,1,10,campus,not_sent,1,True,0
cultural,0,26,36.0,3,17,online,confirmed,8,False,1
hackathon,300,18,6.0,3,17,online,not_sent,3,False,1
hackathon,300,30,36.0,1,21,city_venue,sent,6,False,1
career_fair,0,30,6.0,3,8,city_venue,opened,5,False,0
workshop,300,5,1.0,3,13,city_venue,confirmed,10,False,1
hackathon,300,25,12.0,4,8,campus,opened,10,True,0
hackathon,0,16,1.0,4,16,city_venue,sent,2,False,0
career_fair,300,27,12.0,1,21,campus,not_sent,7,False,1
career_fair,0,19,3.0,6,9,campus,confirmed,6,False,0
workshop,0,14,,0,18,city_venue,confirmed,8,False,1
career_fair,100,25,0.0,5,9,city_venue,confirmed,2,False,1
cultural,100,30,36.0,5,14,campus,opened,0,False,0
career_fair,300,16,1.0,6,9,online,confirmed,1,False,1
cultural,300,27,3.0,3,17,online,opened,10,False,0
workshop,0,15,6.0,0,15,campus,opened,0,False,1
workshop,300,22,,1,13,city_venue,opened,10,False,0
workshop,0,4,3.0,6,21,campus,opened,4,True,0
workshop,0,7,0.0,1,14,campus,confirmed,9,False,1
workshop,300,16,3.0,4,14,city_venue,opened,1,False,0
cultural,0,24,1.0,3,13,online,sent,2,False,0
cultural,100,22,1.0,2,17,campus,sent,7,False,0
workshop,300,21,24.0,1,18,online,not_sent,9,False,0
career_fair,100,22,0.0,6,16,online,opened,4,False,1
hackathon,300,21,0.0,3,20,city_venue,sent,3,False,1
workshop,0,8,36.0,0,16,campus,not_sent,4,False,0
career_fair,300,17,6.0,6,22,campus,opened,9,False,0
hackathon,100,16,1.0,4,14,online,opened,5,False,1
workshop,0,27,3.0,5,16,online,confirmed,6,False,1
workshop,300,23,24.0,0,20,city_venue,opened,8,False,0
cultural,300,10,3.0,1,17,online,confirmed,0,False,0
hackathon,300,10,12.0,1,10,city_venue,confirmed,3,False,1
hackathon,100,27,1.0,0,10,campus,confirmed,8,True,0
career_fair,100,2,24.0,1,8,city_venue,opened,4,False,1
cultural,300,30,3.0,6,12,online,sent,7,False,1
cultural,0,9,24.0,3,22,campus,confirmed,0,False,1
cultural,0,17,48.0,1,11,city_venue,sent,3,False,0
cultural,100,11,24.0,4,9,campus,sent,8,False,1
hackathon,0,10,3.0,3,16,city_venue,opened,0,False,1
hackathon,100,22,3.0,6,10,online,not_sent,0,False,0
workshop,300,25,6.0,2,22,online,confirmed,3,False,0
workshop,100,17,1.0,1,15,campus,opened,2,False,1
cultural,100,4,1.0,1,13,campus,opened,6,False,1
cultural,300,16,48.0,4,21,campus,opened,10,False,0
cultural,0,20,6.0,6,20,city_venue,opened,2,False,0
workshop,100,15,6.0,4,12,online,not_sent,0,True,0
career_fair,100,25,24.0,5,8,campus,opened,10,False,0
career_fair,300,27,24.0,6,11,campus,opened,9,False,0
workshop,0,21,0.0,0,10,campus,opened,1,False,1
workshop,100,5,48.0,0,8,city_venue,confirmed,9,False,1
workshop,300,6,1.0,0,19,campus,sent,3,False,0
workshop,100,17,36.0,4,22,campus,sent,0,False,0
workshop,300,1,36.0,0,12,city_venue,sent,0,False,0
workshop,0,25,36.0,6,13,city_venue,sent,7,False,0
cultural,0,19,24.0,0,9,campus,confirmed,6,False,1
cultural,0,4,0.0,2,22,campus,confirmed,7,False,1
cultural,0,17,6.0,0,21,city_venue,sent,3,False,0
cultural,100,9,24.0,1,10,online,opened,5,False,1
workshop,100,24,6.0,5,18,city_venue,opened,2,False,0
career_fair,0,2,,4,21,online,sent,10,False,1
hackathon,0,8,3.0,3,22,campus,sent,7,False,1
workshop,0,15,3.0,5,13,campus,confirmed,3,True,0
hackathon,100,7,3.0,2,11,online,opened,2,False,0
career_fair,0,27,6.0,4,16,city_venue,confirmed,3,True,0
cultural,0,6,12.0,6,12,campus,sent,5,False,1
career_fair,0,1,36.0,4,11,online,opened,10,False,0
workshop,300,15,24.0,1,9,city_venue,sent,6,False,0
cultural,0,23,48.0,6,13,online,sent,6,False,0
workshop,300,26,,5,17,city_venue,opened,3,False,1
cultural,300,7,48.0,5,9,city_venue,sent,7,False,1
hackathon,0,29,0.0,0,19,city_venue,sent,6,False,0
hackathon,300,30,36.0,6,20,city_venue,sent,1,False,0
hackathon,0,25,3.0,1,14,online,not_sent,7,False,0
career_fair,100,17,1.0,0,10,online,opened,8,False,0
workshop,100,2,24.0,0,16,online,opened,4,True,0
career_fair,100,27,3.0,4,18,online,not_sent,3,False,1
hackathon,100,9,0.0,5,12,online,sent,3,False,0
workshop,300,29,1.0,0,15,city_venue,not_sent,3,False,0
hackathon,0,9,0.0,2,18,campus,opened,5,False,1
career_fair,0,13,,2,13,campus,not_sent,10,False,0
career_fair,0,6,0.0,5,21,online,confirmed,3,False,1
career_fair,100,6,3.0,2,19,online,not_sent,6,False,0
hackathon,100,20,6.0,4,17,campus,sent,6,False,1
workshop,0,20,6.0,1,15,city_venue,confirmed,4,False,0
workshop,100,21,,3,20,online,opened,4,False,0
hackathon,0,3,0.0,0,20,city_venue,not_sent,9,False,0
workshop,0,17,12.0,3,18,campus,confirmed,7,False,1
hackathon,0,17,36.0,1,19,campus,opened,6,False,0
workshop,0,12,,1,10,online,confirmed,6,True,0
cultural,0,16,24.0,4,10,city_venue,opened,5,False,1
cultural,0,15,48.0,2,12,online,opened,6,False,0
career_fair,0,13,0.0,2,18,campus,confirmed,6,True,0
cultural,100,23,6.0,1,17,city_venue,sent,9,False,0
cultural,0,1,6.0,4,10,online,opened,1,False,0
cultural,0,17,,4,15,online,opened,9,False,0
hackathon,100,3,1.0,5,17,online,not_sent,1,False,1
cultural,100,26,1.0,6,20,campus,not_sent,9,False,1
cultural,100,15,6.0,0,19,online,not_sent,6,False,0
career_fair,0,4,0.0,6,21,city_venue,opened,9,False,1
cultural,300,4,1.0,2,15,online,opened,6,False,1
cultural,300,18,,1,9,campus,opened,6,False,0
workshop,100,17,6.0,5,19,online,not_sent,4,True,0
career_fair,300,19,24.0,3,11,campus,opened,0,False,0
career_fair,100,11,36.0,2,17,campus,confirmed,1,False,1
career_fair,0,20,6.0,0,20,city_venue,sent,8,False,1
career_fair,300,3,1.0,4,8,city_venue,opened,7,False,1
career_fair,0,8,3.0,1,11,online,confirmed,7,False,1
career_fair,300,14,3.0,2,19,campus,confirmed,9,True,0
hackathon,0,26,24.0,3,20,campus,opened,0,False,0
cultural,300,1,6.0,0,20,city_venue,confirmed,5,False,1
career_fair,0,14,0.0,0,18,city_venue,sent,8,False,1
cultural,0,2,12.0,5,20,online,confirmed,7,False,1
cultural,300,29,,2,11,campus,sent,2,False,0
hackathon,0,23,48.0,3,17,city_venue,sent,3,False,0
career_fair,0,4,48.0,0,16,online,not_sent,2,False,1
workshop,0,24,48.0,1,22,campus,confirmed,5,False,1
hackathon,300,27,6.0,0,10,campus,opened,8,False,1
workshop,300,29,36.0,3,22,city_venue,sent,7,False,1
cultural,0,19,1.0,4,9,online,sent,9,False,0
cultural,0,6,24.0,4,16,city_venue,confirmed,3,False,1
hackathon,300,25,24.0,5,16,online,confirmed,1,False,0
hackathon,300,1,0.0,2,8,campus,opened,7,True,0
workshop,0,17,48.0,3,13,online,opened,7,True,0
career_fair,0,8,,5,17,online,opened,10,False,1
workshop,0,19,3.0,6,15,online,sent,5,False,1
hackathon,100,21,48.0,0,10,online,confirmed,7,False,0
workshop,300,1,0.0,6,18,online,not_sent,8,False,0
hackathon,100,5,24.0,0,16,city_venue,opened,0,False,0
workshop,300,27,12.0,4,9,online,sent,8,False,0
hackathon,300,16,12.0,5,13,online,opened,1,False,0
hackathon,300,6,,4,8,campus,opened,0,True,0
hackathon,300,8,,1,20,online,opened,7,False,0
career_fair,300,13,48.0,6,14,campus,not_sent,7,False,0
workshop,300,16,3.0,6,10,city_venue,opened,10,False,1
workshop,300,30,,4,14,city_venue,sent,3,False,0
workshop,100,3,0.0,1,11,online,sent,7,False,0
hackathon,0,19,,0,16,city_venue,not_sent,6,False,0
workshop,0,12,6.0,5,12,online,confirmed,1,False,1
workshop,100,16,0.0,1,10,city_venue,opened,4,False,0
hackathon,100,27,24.0,5,22,online,opened,9,False,1
cultural,100,11,3.0,6,15,online,opened,3,False,1
hackathon,100,10,3.0,5,13,campus,opened,2,False,0
workshop,300,25,3.0,6,9,campus,opened,0,False,1
hackathon,0,20,0.0,1,10,campus,sent,4,False,0
cultural,300,4,1.0,6,15,campus,sent,9,False,1
hackathon,0,12,0.0,2,22,online,opened,7,False,0
workshop,0,23,12.0,6,17,city_venue,opened,8,False,1
cultural,100,2,0.0,4,14,online,confirmed,6,False,1
career_fair,300,24,36.0,1,17,campus,confirmed,10,False,0
workshop,100,22,3.0,0,13,campus,sent,0,False,0
cultural,300,19,,5,21,city_venue,not_sent,0,False,0
cultural,0,25,,3,8,campus,opened,0,False,0
career_fair,100,5,3.0,1,16,online,sent,1,False,0
hackathon,100,8,48.0,4,10,online,not_sent,0,False,0
hackathon,0,7,48.0,6,21,online,confirmed,3,False,1
workshop,0,14,,5,12,online,sent,9,True,0
career_fair,0,24,24.0,2,14,online,confirmed,8,False,1
hackathon,100,23,0.0,0,22,city_venue,opened,3,False,1
career_fair,300,3,24.0,2,14,online,confirmed,3,False,1
hackathon,100,18,24.0,3,10,campus,sent,6,False,0
cultural,300,16,24.0,1,22,campus,sent,10,False,1
hackathon,100,23,3.0,5,11,campus,opened,8,False,1
career_fair,100,19,,1,17,campus,sent,6,True,0
cultural,0,19,,4,14,city_venue,sent,0,False,0
cultural,300,18,3.0,1,15,campus,sent,0,False,0
cultural,100,20,0.0,0,9,city_venue,sent,3,False,0
career_fair,100,16,1.0,3,16,campus,sent,3,False,0
workshop,0,8,48.0,2,14,city_venue,confirmed,0,False,1
workshop,0,28,24.0,3,20,city_venue,sent,5,False,1
workshop,300,1,24.0,5,15,city_venue,not_sent,9,False,1
career_fair,100,17,6.0,1,13,campus,opened,1,False,0
cultural,300,12,24.0,5,13,city_venue,confirmed,10,False,1
workshop,100,30,3.0,2,16,online,sent,4,False,0
career_fair,300,21,12.0,5,11,online,not_sent,7,False,1
workshop,0,11,48.0,4,18,campus,opened,2,True,0
hackathon,100,5,,3,18,online,confirmed,8,True,0
workshop,300,27,,2,12,online,confirmed,6,False,0
workshop,0,12,,2,16,online,opened,8,False,0
cultural,0,17,6.0,6,8,campus,sent,0,False,0
career_fair,300,6,12.0,2,11,campus,opened,4,False,1
cultural,100,1,36.0,6,14,online,not_sent,2,False,0
cultural,100,5,,0,18,campus,opened,3,False,0
cultural,0,25,1.0,6,22,city_venue,opened,3,False,0
cultural,100,28,3.0,3,16,online,confirmed,10,False,0
cultural,100,14,1.0,5,22,campus,sent,6,False,1
workshop,100,5,24.0,6,21,campus,not_sent,9,False,1
cultural,0,22,3.0,2,20,online,opened,10,False,0
cultural,300,24,6.0,3,18,campus,opened,7,False,0
career_fair,100,27,0.0,6,19,online,confirmed,10,False,1
hackathon,0,1,6.0,6,20,campus,sent,9,False,0
workshop,0,30,,2,17,city_venue,sent,4,False,0
workshop,300,18,3.0,4,13,online,opened,9,False,1
workshop,100,16,36.0,4,19,city_venue,sent,6,False,1
cultural,100,9,24.0,6,15,online,confirmed,2,False,1
cultural,300,19,,4,20,campus,opened,2,True,0
cultural,300,22,1.0,1,16,city_venue,confirmed,2,False,1
career_fair,0,5,,2,17,campus,opened,3,False,1
hackathon,0,27,24.0,1,11,online,confirmed,5,False,1
cultural,300,2,,3,8,online,sent,4,True,0
hackathon,100,30,,1,21,online,confirmed,7,False,0
career_fair,0,15,3.0,3,15,online,sent,4,False,0
workshop,0,7,0.0,6,9,online,opened,10,False,1
cultural,100,4,3.0,3,18,city_venue,sent,4,False,0
hackathon,0,1,12.0,3,8,online,opened,9,False,1
hackathon,100,13,1.0,5,20,campus,sent,1,False,0
cultural,100,20,1.0,1,14,city_venue,sent,10,False,0
workshop,100,22,12.0,5,19,campus,confirmed,10,False,1
workshop,300,7,0.0,6,17,online,sent,4,False,0
workshop,300,15,1.0,2,16,campus,confirmed,6,False,1
career_fair,300,23,6.0,1,18,city_venue,confirmed,1,False,1
hackathon,100,14,0.0,2,22,city_venue,not_sent,5,False,1
hackathon,100,23,6.0,2,19,city_venue,opened,6,False,1
hackathon,300,19,12.0,3,19,campus,sent,4,False,0
career_fair,0,22,12.0,1,16,city_venue,not_sent,8,False,0
hackathon,100,29,,2,10,campus,opened,3,False,1
career_fair,0,24,12.0,4,13,online,confirmed,9,False,1
workshop,0,20,12.0,2,14,online,not_sent,0,False,0
cultural,100,29,6.0,4,21,campus,opened,7,False,1
hackathon,100,24,48.0,1,17,city_venue,opened,7,False,1
hackathon,0,18,,6,16,campus,confirmed,6,False,1
workshop,0,10,,5,22,campus,not_sent,7,False,0
cultural,300,9,24.0,1,9,campus,opened,1,False,1
career_fair,300,25,1.0,5,15,online,opened,2,True,0
cultural,100,8,3.0,5,21,campus,opened,8,False,1
workshop,300,26,0.0,1,14,online,confirmed,0,False,0
workshop,300,30,,2,11,campus,confirmed,7,False,0
cultural,300,29,24.0,0,9,online,not_sent,7,False,0
career_fair,300,10,36.0,2,15,campus,opened,6,False,0
career_fair,0,17,3.0,2,18,campus,sent,10,False,0
hackathon,100,2,48.0,6,12,city_venue,sent,4,False,0
career_fair,300,6,3.0,3,13,city_venue,opened,3,False,0
cultural,0,26,0.0,3,21,campus,sent,9,False,0
workshop,0,5,6.0,2,18,campus,opened,9,False,1
hackathon,0,28,24.0,4,14,campus,confirmed,9,False,0
hackathon,300,30,12.0,6,22,campus,not_sent,9,False,1
workshop,300,9,,5,22,city_venue,confirmed,5,False,1
career_fair,100,5,1.0,3,17,online,opened,10,False,1
workshop,300,18,12.0,2,8,campus,opened,0,False,0
career_fair,300,26,12.0,6,15,city_venue,confirmed,4,False,1
workshop,0,20,3.0,0,11,campus,sent,3,False,0
cultural,100,9,48.0,4,20,campus,opened,3,False,0
career_fair,300,17,36.0,1,16,online,opened,6,False,0
cultural,300,27,36.0,2,8,campus,sent,8,False,0
hackathon,0,17,,6,18,campus,confirmed,7,False,1
workshop,0,12,36.0,2,9,online,confirmed,10,True,0
hackathon,300,7,3.0,5,21,online,not_sent,7,False,0
hackathon,100,27,36.0,4,13,online,not_sent,4,False,0
hackathon,100,3,3.0,3,18,online,opened,5,True,0
hackathon,0,10,3.0,3,17,city_venue,not_sent,1,False,1
workshop,0,2,0.0,3,18,city_venue,opened,10,False,1
hackathon,300,25,36.0,1,21,city_venue,not_sent,2,False,0
workshop,0,3,36.0,6,8,campus,opened,4,False,1
workshop,300,16,3.0,4,11,online,not_sent,1,False,0
cultural,100,2,36.0,4,15,online,sent,2,True,0
career_fair,100,28,,3,22,city_venue,opened,3,False,1
career_fair,300,24,1.0,3,17,campus,opened,5,False,1
workshop,0,10,3.0,5,12,campus,confirmed,4,False,1
cultural,100,6,36.0,0,20,campus,confirmed,9,False,0
workshop,0,22,3.0,0,16,city_venue,sent,3,False,1
workshop,100,26,24.0,2,18,campus,not_sent,1,False,0
workshop,300,11,0.0,2,18,campus,confirmed,10,False,1
cultural,300,23,12.0,4,13,campus,confirmed,4,False,1
career_fair,300,7,36.0,4,8,online,confirmed,4,False,1
cultural,100,27,36.0,1,13,city_venue,not_sent,10,True,0
hackathon,0,29,48.0,1,13,online,confirmed,6,False,1
cultural,0,15,,0,20,online,sent,0,True,0
cultural,0,6,36.0,2,13,city_venue,opened,3,False,1
cultural,100,20,24.0,0,15,online,confirmed,10,False,1
cultural,100,27,0.0,0,22,campus,sent,4,False,0
career_fair,100,9,12.0,2,13,campus,confirmed,7,True,0
hackathon,100,22,0.0,6,12,campus,sent,7,False,1
career_fair,100,20,48.0,1,22,campus,confirmed,0,False,0
career_fair,0,12,6.0,5,18,city_venue,sent,4,False,0
cultural,100,19,24.0,5,9,online,confirmed,9,False,1
workshop,100,20,3.0,5,11,online,not_sent,0,False,0
workshop,0,3,48.0,2,21,campus,opened,0,False,0
career_fair,100,15,,3,22,campus,opened,1,False,1
career_fair,0,2,6.0,3,17,online,opened,1,False,0
cultural,0,30,,3,12,city_venue,sent,8,False,0
career_fair,300,21,3.0,4,17,online,opened,3,False,1
cultural,300,2,12.0,1,11,campus,sent,2,False,1
workshop,300,22,,1,9,campus,opened,10,False,1
workshop,300,3,6.0,6,14,city_venue,sent,0,False,1
hackathon,100,6,,6,17,online,confirmed,1,False,1
workshop,300,15,1.0,4,17,city_venue,not_sent,5,True,0
career_fair,0,27,0.0,0,9,city_venue,sent,8,False,0
workshop,100,10,,6,8,campus,sent,4,False,0
cultural,300,9,0.0,5,21,online,opened,3,False,1
workshop,0,1,,3,12,campus,sent,4,False,0
hackathon,100,16,,5,19,online,opened,8,False,1
workshop,100,6,1.0,3,20,campus,confirmed,6,True,0
cultural,300,9,12.0,5,8,campus,opened,7,False,1
cultural,100,27,1.0,0,8,online,opened,3,False,1
career_fair,0,4,6.0,5,22,online,not_sent,10,False,0
workshop,100,27,0.0,5,8,campus,opened,7,False,1
cultural,0,28,3.0,2,13,online,sent,5,False,0
hackathon,100,2,6.0,5,16,campus,confirmed,4,False,1
career_fair,300,29,6.0,2,17,online,sent,6,False,0
hackathon,0,4,,1,20,campus,opened,5,False,1
workshop,100,1,48.0,4,18,campus,sent,2,False,0
workshop,100,19,36.0,5,19,campus,confirmed,4,False,0
workshop,100,26,12.0,1,8,city_venue,not_sent,8,False,0
career_fair,0,25,48.0,6,12,online,opened,6,False,0
cultural,0,10,6.0,6,22,campus,not_sent,3,False,0
career_fair,0,21,36.0,2,16,city_venue,opened,6,True,0
hackathon,300,15,,5,21,campus,confirmed,4,False,1
career_fair,300,27,3.0,5,16,city_venue,opened,10,False,1
hackathon,0,22,24.0,0,8,campus,opened,1,False,0
career_fair,100,19,48.0,1,15,campus,confirmed,5,False,1
cultural,300,16,,3,8,city_venue,opened,6,False,1
hackathon,0,21,36.0,3,22,city_venue,opened,7,False,1
workshop,100,27,3.0,0,15,online,opened,5,False,0
workshop,300,24,6.0,2,8,online,opened,7,False,1
career_fair,100,22,0.0,3,19,city_venue,not_sent,6,False,0
workshop,100,4,36.0,3,12,online,confirmed,1,True,0
hackathon,100,2,0.0,6,15,city_venue,opened,5,False,1
workshop,100,30,,6,13,online,not_sent,8,False,1
cultural,300,25,1.0,4,16,campus,confirmed,5,False,1
cultural,300,13,1.0,1,8,online,sent,3,False,1
career_fair,300,28,12.0,2,16,campus,not_sent,6,False,1
hackathon,0,1,36.0,5,8,campus,opened,2,False,0
cultural,300,17,1.0,1,17,online,confirmed,4,False,1
cultural,100,13,12.0,2,17,city_venue,confirmed,0,False,1
hackathon,300,4,12.0,3,10,campus,confirmed,9,False,1
workshop,100,7,3.0,4,8,campus,confirmed,2,False,0
workshop,0,17,1.0,1,10,online,not_sent,7,False,1
career_fair,100,9,48.0,3,19,city_venue,sent,8,False,1
workshop,100,4,12.0,2,18,city_venue,confirmed,8,False,1
hackathon,100,19,0.0,1,20,online,sent,9,False,0
cultural,0,1,48.0,5,9,city_venue,opened,1,False,1
workshop,300,10,,1,9,online,opened,3,True,0
career_fair,300,4,24.0,3,16,online,sent,4,True,0
workshop,0,9,12.0,1,15,online,confirmed,2,False,1
hackathon,100,13,,5,8,campus,opened,10,False,1
career_fair,300,14,,4,19,campus,opened,0,False,0
workshop,0,10,36.0,4,21,campus,confirmed,5,False,1
career_fair,300,6,12.0,3,11,online,opened,9,False,1
hackathon,0,16,24.0,2,20,campus,sent,1,False,1
cultural,100,6,36.0,3,8,campus,opened,8,False,1
hackathon,300,17,1.0,4,8,campus,confirmed,0,False,1
hackathon,0,10,12.0,0,19,online,confirmed,10,False,1
hackathon,300,18,48.0,0,19,online,confirmed,8,False,0
hackathon,300,27,24.0,1,11,online,opened,6,False,0
cultural,300,22,6.0,5,9,campus,sent,10,False,0
cultural,300,18,24.0,6,10,city_venue,confirmed,9,False,0
career_fair,0,3,1.0,6,18,campus,confirmed,1,False,1
workshop,100,20,6.0,6,16,campus,sent,5,False,0
cultural,0,27,48.0,1,9,online,not_sent,7,False,0
cultural,0,21,3.0,0,11,online,confirmed,1,False,1
workshop,0,25,1.0,4,8,campus,confirmed,4,False,0
cultural,100,28,,1,9,campus,confirmed,10,False,0
hackathon,300,15,3.0,6,12,city_venue,confirmed,5,False,1
hackathon,300,15,3.0,6,21,city_venue,opened,2,False,1
workshop,300,4,,3,17,online,opened,1,False,1
career_fair,100,29,36.0,6,22,city_venue,opened,10,False,0
career_fair,300,27,36.0,5,8,city_venue,not_sent,5,False,0
workshop,100,9,,6,18,online,opened,2,True,0
workshop,300,27,1.0,3,14,city_venue,opened,1,False,0
hackathon,300,26,36.0,6,11,campus,opened,0,False,0
career_fair,0,19,12.0,5,13,city_venue,opened,7,True,0
cultural,100,24,48.0,4,15,online,opened,0,False,0
hackathon,0,28,12.0,1,20,campus,sent,4,False,0
workshop,0,17,24.0,5,13,city_venue,sent,10,False,0
career_fair,0,11,12.0,3,21,campus,sent,5,False,0
cultural,100,25,12.0,1,9,campus,sent,10,False,1
cultural,100,9,36.0,1,8,city_venue,confirmed,2,False,1
hackathon,300,10,24.0,3,15,city_venue,sent,6,False,1
career_fair,0,18,24.0,0,15,online,sent,1,False,0
career_fair,300,20,12.0,6,16,online,opened,6,False,1
workshop,0,13,12.0,5,13,campus,opened,1,False,0
career_fair,100,8,36.0,3,19,online,sent,4,False,1
career_fair,100,7,48.0,4,8,campus,confirmed,6,False,0
hackathon,100,17,36.0,2,21,campus,confirmed,10,False,1
career_fair,0,21,,3,16,online,sent,10,False,0
cultural,100,23,48.0,6,19,online,sent,2,False,0
hackathon,0,15,24.0,6,20,online,confirmed,10,False,1
hackathon,300,20,24.0,1,22,city_venue,confirmed,3,False,1
workshop,0,15,,1,21,campus,opened,0,False,0
career_fair,300,1,24.0,3,10,campus,not_sent,2,True,0
workshop,0,25,48.0,2,18,campus,opened,8,False,0
cultural,300,14,36.0,3,13,online,opened,9,False,1
hackathon,100,5,12.0,2,17,online,sent,4,False,0
hackathon,300,11,3.0,2,20,online,opened,7,False,1
hackathon,100,16,6.0,6,17,online,opened,1,False,1
cultural,100,2,,6,22,online,sent,2,False,1
cultural,300,8,24.0,6,18,city_venue,confirmed,6,False,1
workshop,0,11,24.0,4,19,online,confirmed,9,False,1
workshop,0,29,,6,21,campus,sent,3,False,1
workshop,0,18,24.0,5,22,online,confirmed,8,False,1
career_fair,0,3,12.0,1,16,campus,not_sent,6,False,1
hackathon,0,30,36.0,1,18,online,confirmed,10,True,0
hackathon,100,26,36.0,2,20,online,sent,0,False,0
workshop,0,1,1.0,1,10,campus,not_sent,3,False,1
hackathon,100,11,12.0,0,12,campus,opened,9,False,1
workshop,100,16,12.0,2,20,campus,opened,10,False,1
career_fair,100,18,6.0,1,21,campus,confirmed,5,False,0
career_fair,300,30,12.0,0,12,city_venue,sent,5,False,0
cultural,300,16,6.0,4,17,campus,sent,9,False,0
career_fair,100,23,1.0,1,14,online,opened,5,False,1
workshop,300,10,6.0,0,11,online,opened,4,False,1
career_fair,0,18,0.0,3,18,city_venue,sent,2,False,1
cultural,0,6,24.0,5,11,campus,opened,1,False,1
hackathon,100,19,,3,14,online,confirmed,2,False,1
workshop,0,4,36.0,0,16,city_venue,confirmed,8,False,1
hackathon,100,27,6.0,2,22,online,confirmed,2,False,1
cultural,100,13,0.0,6,18,city_venue,sent,2,False,0
cultural,0,24,3.0,6,11,city_venue,opened,0,False,0
cultural,300,14,12.0,6,11,campus,sent,1,False,0
hackathon,0,3,3.0,2,13,city_venue,opened,10,False,1
hackathon,0,10,12.0,1,13,online,opened,2,False,0
hackathon,100,6,3.0,6,14,online,confirmed,1,True,0
hackathon,100,1,48.0,3,22,campus,opened,7,False,1
cultural,100,23,6.0,2,8,campus,confirmed,5,False,1
cultural,100,24,3.0,2,20,city_venue,confirmed,6,False,0
workshop,300,27,48.0,6,18,campus,confirmed,0,False,1
workshop,300,14,6.0,3,21,online,confirmed,5,False,1
hackathon,300,8,1.0,4,10,online,opened,1,False,1
career_fair,100,19,24.0,2,16,campus,sent,5,False,1
career_fair,100,14,24.0,6,13,campus,sent,2,False,0
cultural,100,10,36.0,5,13,campus,not_sent,6,False,0
cultural,300,17,3.0,0,12,city_venue,opened,2,False,1
cultural,100,9,12.0,1,18,city_venue,opened,8,False,0
workshop,0,29,3.0,2,10,online,opened,2,False,1
workshop,0,6,0.0,5,18,city_venue,confirmed,6,False,1
cultural,100,11,,5,12,city_venue,confirmed,3,True,0
cultural,0,25,36.0,2,21,city_venue,sent,7,False,0
cultural,0,7,3.0,4,8,city_venue,sent,1,False,0
career_fair,300,17,24.0,0,10,online,opened,7,False,1
workshop,100,28,3.0,1,11,campus,sent,8,False,1
career_fair,100,28,,2,12,online,confirmed,7,True,0
career_fair,300,1,1.0,1,17,city_venue,opened,5,True,0
cultural,0,22,0.0,3,16,campus,opened,9,False,1
cultural,0,5,12.0,5,11,campus,confirmed,0,False,1
hackathon,100,9,24.0,5,10,campus,confirmed,6,False,1
hackathon,0,18,24.0,2,17,online,not_sent,0,False,0
career_fair,300,24,0.0,2,8,campus,opened,6,True,0
workshop,300,27,3.0,3,20,online,opened,1,False,0
cultural,100,21,12.0,4,17,online,sent,7,False,0
cultural,300,2,3.0,2,13,city_venue,not_sent,1,False,0
career_fair,300,29,,5,14,city_venue,opened,2,False,1
hackathon,100,26,0.0,1,17,campus,sent,2,False,0
workshop,300,11,12.0,0,22,campus,sent,0,False,0
hackathon,300,27,36.0,6,15,city_venue,opened,4,False,1
hackathon,300,28,3.0,1,19,online,confirmed,4,False,1
hackathon,0,6,24.0,4,8,online,sent,9,False,0
hackathon,100,26,48.0,0,19,city_venue,not_sent,4,True,0
cultural,100,8,1.0,1,11,online,confirmed,8,False,1
cultural,100,4,,1,18,city_venue,not_sent,5,False,1
hackathon,0,18,12.0,3,12,city_venue,confirmed,5,False,1
workshop,0,28,3.0,6,9,campus,opened,2,True,0
career_fair,100,11,6.0,4,8,campus,sent,4,False,1
workshop,0,5,3.0,5,15,city_venue,sent,9,False,1
workshop,100,15,36.0,3,13,campus,not_sent,6,False,1
workshop,0,28,48.0,0,12,city_venue,sent,2,False,1
hackathon,300,18,48.0,6,20,online,not_sent,1,False,0
cultural,300,2,,5,16,online,opened,4,False,1
workshop,100,22,48.0,3,20,online,sent,2,False,0
hackathon,0,11,24.0,6,18,online,opened,4,False,1
workshop,0,26,6.0,4,20,city_venue,opened,8,False,0
workshop,300,25,12.0,2,18,online,sent,10,True,0
hackathon,300,13,0.0,2,9,online,not_sent,9,False,1
cultural,0,4,36.0,0,17,online,not_sent,0,False,0
cultural,0,22,12.0,2,19,online,not_sent,3,False,0
career_fair,0,7,0.0,3,15,city_venue,opened,9,False,1
hackathon,0,29,0.0,0,18,online,sent,4,False,0
career_fair,0,11,6.0,5,21,campus,confirmed,1,False,1
career_fair,0,22,24.0,4,17,campus,opened,1,True,0
career_fair,100,24,12.0,0,20,campus,opened,0,False,0
cultural,0,4,24.0,5,16,campus,opened,7,False,1
hackathon,300,28,12.0,0,8,campus,opened,1,False,1
career_fair,100,15,24.0,1,14,campus,sent,2,False,0
hackathon,0,1,3.0,1,15,city_venue,not_sent,1,False,0
hackathon,300,23,1.0,0,10,campus,opened,3,False,1
cultural,100,3,24.0,6,21,online,sent,0,False,1
career_fair,300,14,12.0,2,11,campus,opened,2,False,1
career_fair,0,6,0.0,1,20,city_venue,opened,4,False,0
hackathon,0,18,6.0,6,10,campus,opened,9,False,1
workshop,0,25,1.0,6,14,online,opened,0,False,0
cultural,0,1,12.0,4,16,online,opened,3,False,0
cultural,100,6,6.0,5,10,city_venue,opened,5,False,1
cultural,100,6,24.0,3,20,city_venue,opened,3,False,0
cultural,300,21,48.0,1,13,city_venue,opened,6,True,0
career_fair,0,16,3.0,0,15,city_venue,opened,6,False,1
career_fair,300,29,,2,13,campus,confirmed,5,False,1
workshop,100,5,12.0,3,9,campus,opened,8,False,0
cultural,0,17,24.0,5,20,online,opened,1,False,1
cultural,0,10,36.0,6,14,city_venue,confirmed,9,False,1
hackathon,100,28,24.0,5,9,city_venue,opened,7,False,1
career_fair,100,21,12.0,1,9,campus,not_sent,7,False,0
cultural,100,18,6.0,5,9,city_venue,confirmed,10,True,0
workshop,100,7,0.0,5,18,online,not_sent,9,False,1
workshop,100,3,0.0,2,22,online,opened,10,False,1
career_fair,0,13,6.0,6,8,city_venue,confirmed,3,False,1
workshop,100,15,6.0,2,21,online,confirmed,5,True,0
workshop,0,20,6.0,2,18,online,not_sent,10,False,0
career_fair,0,19,1.0,0,8,campus,opened,5,False,0
cultural,100,3,36.0,5,21,online,opened,4,False,1
cultural,100,4,,5,14,city_venue,sent,0,False,1
workshop,0,5,,5,22,city_venue,not_sent,2,False,0
workshop,100,1,12.0,4,20,online,opened,6,False,1
cultural,100,4,36.0,2,21,city_venue,opened,7,False,0
career_fair,100,12,,3,21,campus,not_sent,1,False,1
workshop,300,28,6.0,1,22,online,opened,2,False,1
hackathon,0,27,3.0,6,21,online,opened,3,True,0
career_fair,300,24,,3,19,online,confirmed,10,True,0
workshop,100,10,12.0,6,12,city_venue,confirmed,4,False,1
workshop,300,23,12.0,0,18,city_venue,opened,2,False,0
hackathon,100,25,1.0,0,10,online,confirmed,4,False,0
hackathon,300,21,1.0,6,8,city_venue,confirmed,7,False,1
cultural,100,29,48.0,5,18,city_venue,sent,7,False,0
career_fair,300,26,24.0,3,17,online,sent,1,False,0
career_fair,300,20,6.0,5,13,online,opened,5,False,1
cultural,300,24,1.0,4,18,city_venue,opened,3,False,0
career_fair,0,25,12.0,0,8,online,opened,8,False,1
career_fair,300,13,24.0,0,16,online,opened,9,False,1
career_fair,0,23,3.0,3,9,online,opened,1,False,0
career_fair,100,14,,0,8,online,opened,7,False,0
career_fair,300,23,0.0,4,22,city_venue,not_sent,0,False,0
hackathon,100,5,6.0,4,19,online,confirmed,10,False,1
career_fair,100,4,36.0,4,14,campus,sent,5,False,1
hackathon,300,14,3.0,1,13,online,confirmed,10,True,0
career_fair,0,10,48.0,4,13,campus,not_sent,10,False,1
cultural,300,17,36.0,4,21,online,confirmed,9,False,0
workshop,100,10,48.0,1,12,campus,not_sent,0,False,0
hackathon,100,26,1.0,5,18,campus,sent,1,False,0
career_fair,300,7,1.0,2,11,online,not_sent,2,False,0
cultural,0,16,3.0,0,18,online,opened,8,False,1
workshop,0,1,12.0,4,11,online,confirmed,4,False,0
hackathon,100,17,36.0,0,10,campus,opened,9,False,1
workshop,100,21,48.0,3,17,city_venue,confirmed,9,False,0
cultural,0,29,36.0,0,15,city_venue,opened,1,True,0
hackathon,300,9,,6,14,online,opened,9,True,0
workshop,100,6,36.0,5,16,city_venue,confirmed,4,True,0
career_fair,0,19,3.0,1,8,city_venue,sent,4,False,0
hackathon,100,13,3.0,0,14,online,sent,0,False,0
workshop,300,3,36.0,0,17,campus,confirmed,2,False,0
cultural,0,7,1.0,0,11,online,confirmed,4,False,1
cultural,100,22,0.0,2,14,city_venue,confirmed,8,False,0
hackathon,300,9,12.0,2,20,campus,confirmed,9,False,1
workshop,100,22,48.0,3,19,city_venue,not_sent,0,False,0
hackathon,300,5,1.0,1,8,campus,confirmed,7,False,1
hackathon,300,10,48.0,0,12,city_venue,opened,0,False,0
workshop,0,23,48.0,0,10,online,confirmed,8,False,1
workshop,300,17,12.0,0,12,city_venue,opened,5,True,0
career_fair,100,12,0.0,0,11,city_venue,opened,0,False,1
workshop,300,23,1.0,2,9,campus,opened,7,False,1
cultural,300,16,36.0,5,18,city_venue,sent,4,True,0
hackathon,0,3,36.0,5,11,online,not_sent,6,False,0
hackathon,300,30,,3,10,online,confirmed,6,False,1
cultural,300,25,24.0,6,20,online,confirmed,6,True,0
workshop,100,22,1.0,4,8,campus,not_sent,5,False,0
cultural,0,9,1.0,1,19,campus,confirmed,10,False,1
cultural,0,29,36.0,5,17,city_venue,opened,7,True,0
career_fair,0,15,1.0,6,15,city_venue,opened,8,False,0
cultural,300,5,6.0,0,22,city_venue,sent,1,False,0
hackathon,0,23,12.0,5,12,campus,confirmed,6,False,1
cultural,300,13,0.0,3,11,campus,opened,1,False,0
hackathon,300,14,3.0,4,17,city_venue,opened,5,False,0
hackathon,100,20,6.0,5,19,campus,opened,1,False,0
hackathon,100,15,3.0,3,12,campus,not_sent,9,False,0
workshop,100,16,1.0,2,11,online,opened,5,False,0
career_fair,100,23,36.0,4,10,online,sent,1,False,0
hackathon,100,13,48.0,3,12,city_venue,sent,0,False,0
hackathon,300,17,3.0,6,11,city_venue,opened,6,False,1
workshop,300,23,36.0,5,22,online,confirmed,2,False,1
hackathon,0,8,6.0,2,8,campus,opened,3,False,1
cultural,300,21,12.0,6,19,city_venue,sent,5,False,0
cultural,300,2,,3,10,city_venue,opened,4,False,1
career_fair,100,5,36.0,3,17,city_venue,confirmed,3,False,1
hackathon,300,6,48.0,6,22,campus,opened,8,False,1
workshop,100,12,1.0,5,17,online,confirmed,5,False,1
cultural,0,18,0.0,4,15,city_venue,opened,5,False,1
workshop,0,30,,2,14,online,confirmed,1,False,1
workshop,300,22,6.0,0,9,online,not_sent,5,False,0
cultural,0,22,3.0,1,8,campus,sent,6,False,0
workshop,300,1,36.0,4,10,campus,sent,7,False,1
cultural,0,30,48.0,2,12,campus,opened,7,False,1
workshop,100,17,,6,17,campus,confirmed,8,False,0
cultural,100,30,3.0,3,22,campus,confirmed,9,False,1
hackathon,100,11,,6,18,campus,not_sent,10,False,1
career_fair,100,10,0.0,2,19,city_venue,sent,2,False,0
cultural,300,19,0.0,6,8,online,sent,9,False,1
cultural,0,14,24.0,6,10,campus,sent,6,False,1
career_fair,300,26,0.0,1,10,city_venue,opened,6,False,1
cultural,100,10,6.0,5,12,online,confirmed,0,False,1
cultural,300,15,24.0,1,10,campus,confirmed,7,False,1
workshop,0,28,6.0,0,20,campus,opened,3,False,1
career_fair,300,19,1.0,0,16,city_venue,confirmed,4,False,0
hackathon,0,4,3.0,1,8,online,opened,5,False,0
cultural,300,2,12.0,4,11,campus,sent,2,False,1
career_fair,0,9,12.0,4,20,online,opened,4,False,0
workshop,0,10,48.0,6,20,city_venue,opened,9,True,0
hackathon,100,28,36.0,6,17,campus,opened,4,False,1
career_fair,0,11,12.0,3,17,online,sent,0,False,0
hackathon,100,14,48.0,0,11,city_venue,sent,2,False,0
hackathon,100,7,1.0,3,8,city_venue,sent,2,False,1
hackathon,100,23,3.0,0,21,campus,confirmed,0,False,0
cultural,300,15,48.0,1,9,online,opened,6,False,1
cultural,300,22,6.0,4,18,campus,confirmed,0,False,1
workshop,300,19,,6,8,campus,confirmed,6,False,1
workshop,300,22,12.0,4,13,online,sent,3,False,0
career_fair,0,15,48.0,1,10,online,opened,8,False,0
workshop,0,30,6.0,3,14,online,confirmed,6,False,0
hackathon,300,28,6.0,3,12,city_venue,opened,4,False,1
hackathon,0,24,6.0,2,16,city_venue,confirmed,6,False,1
cultural,0,8,36.0,6,14,online,sent,8,False,0
hackathon,100,11,12.0,6,11,city_venue,not_sent,9,False,1
career_fair,100,29,,6,12,campus,confirmed,5,False,1
hackathon,100,9,3.0,0,12,online,confirmed,0,False,1
hackathon,100,15,1.0,3,18,campus,confirmed,5,False,1
career_fair,0,1,6.0,1,22,online,opened,0,False,1
workshop,300,30,24.0,3,12,campus,confirmed,3,False,1
workshop,0,1,,4,17,online,confirmed,7,False,1
career_fair,0,19,6.0,0,16,campus,confirmed,4,False,1
cultural,0,3,24.0,6,17,online,opened,4,False,1
hackathon,100,10,6.0,5,10,online,sent,9,False,1
career_fair,100,8,24.0,2,13,city_venue,confirmed,10,False,0
hackathon,100,15,,0,15,campus,opened,7,False,0
cultural,300,10,3.0,4,18,city_venue,opened,7,False,0
hackathon,0,1,6.0,6,16,campus,opened,0,False,1
career_fair,300,29,,4,20,city_venue,opened,4,True,0
hackathon,100,18,,4,22,online,opened,4,False,0
workshop,300,2,24.0,6,14,city_venue,not_sent,7,True,0
cultural,0,19,12.0,4,19,city_venue,confirmed,0,False,1
cultural,0,13,3.0,1,10,online,opened,6,False,1
cultural,100,22,12.0,2,8,city_venue,opened,6,False,1
career_fair,100,1,48.0,5,11,online,not_sent,8,False,0
cultural,300,2,36.0,4,20,campus,not_sent,1,False,0
workshop,100,29,3.0,4,13,city_venue,sent,2,False,0
career_fair,100,16,3.0,3,10,online,opened,3,False,1
workshop,0,15,3.0,2,21,online,not_sent,0,False,0
hackathon,100,13,1.0,0,8,city_venue,confirmed,6,False,1
hackathon,100,16,0.0,2,13,campus,sent,9,False,0
hackathon,0,17,6.0,2,21,city_venue,sent,2,True,0
hackathon,0,21,1.0,6,8,online,sent,2,False,1
workshop,300,29,1.0,6,16,campus,not_sent,2,False,1
career_fair,100,29,12.0,6,18,city_venue,confirmed,7,False,1
career_fair,0,7,1.0,5,21,online,confirmed,8,False,1
cultural,300,24,0.0,2,19,city_venue,opened,9,False,1
workshop,300,26,3.0,5,8,campus,sent,1,False,0
hackathon,100,17,3.0,4,20,campus,sent,9,True,0
workshop,100,7,12.0,6,13,campus,opened,9,False,0
cultural,300,13,1.0,4,8,campus,confirmed,0,False,1
cultural,0,5,36.0,6,19,campus,sent,8,False,0
workshop,300,26,,1,14,city_venue,opened,5,False,1
workshop,100,17,36.0,5,10,campus,opened,8,False,0
workshop,0,3,12.0,5,13,campus,sent,5,False,0
career_fair,0,7,,0,14,online,opened,1,False,1
hackathon,300,26,36.0,3,8,campus,not_sent,0,False,0
workshop,100,17,0.0,2,8,online,confirmed,7,False,0
workshop,300,7,6.0,0,20,online,sent,2,False,1
workshop,300,21,,5,12,online,opened,0,False,0
cultural,300,1,6.0,0,13,city_venue,not_sent,7,False,0
cultural,0,17,0.0,1,22,city_venue,confirmed,0,False,1
career_fair,0,30,36.0,3,22,online,sent,7,False,0
hackathon,100,17,48.0,5,16,city_venue,confirmed,0,False,0
career_fair,100,11,1.0,5,21,campus,confirmed,8,False,1
hackathon,300,25,12.0,2,8,city_venue,confirmed,8,False,1
cultural,300,27,1.0,6,20,campus,opened,8,False,1
cultural,300,29,36.0,3,11,campus,opened,2,False,0
cultural,100,3,3.0,1,17,city_venue,sent,3,False,0
career_fair,0,15,3.0,4,15,city_venue,sent,4,False,0
workshop,0,29,48.0,0,17,online,opened,5,True,0
workshop,300,21,12.0,2,16,city_venue,sent,8,False,0
cultural,300,11,24.0,5,22,city_venue,confirmed,10,True,0
workshop,300,26,6.0,4,20,city_venue,not_sent,3,False,0
workshop,300,28,3.0,1,10,campus,opened,5,True,0
career_fair,100,16,24.0,3,18,campus,opened,0,False,0
hackathon,0,25,1.0,0,9,campus,opened,1,False,1
cultural,300,22,6.0,2,11,online,opened,7,False,1
cultural,100,28,3.0,5,9,online,not_sent,3,False,1
career_fair,300,9,36.0,5,8,online,opened,9,False,1
career_fair,300,24,,4,19,campus,sent,6,False,0
workshop,0,24,,4,10,city_venue,confirmed,3,False,1
cultural,300,1,12.0,0,14,online,confirmed,8,True,0
hackathon,0,29,3.0,3,20,online,confirmed,8,False,0
career_fair,0,25,12.0,1,20,campus,not_sent,3,False,1
hackathon,0,22,48.0,6,8,online,sent,7,False,1
hackathon,100,16,3.0,3,9,city_venue,sent,5,False,0
cultural,100,9,,3,8,campus,not_sent,0,False,0
cultural,0,19,6.0,3,15,campus,sent,6,False,0
career_fair,300,12,,6,12,city_venue,opened,0,True,0
cultural,0,19,48.0,0,15,city_venue,sent,2,False,0
cultural,300,22,48.0,6,10,city_venue,opened,7,True,0
cultural,0,9,3.0,0,20,online,confirmed,8,False,0
hackathon,300,7,0.0,6,19,city_venue,opened,2,False,1
career_fair,100,14,6.0,1,14,campus,sent,0,False,0
workshop,300,29,3.0,3,15,city_venue,sent,0,False,0
hackathon,0,19,0.0,0,22,campus,opened,6,False,0
cultural,100,19,12.0,6,13,campus,sent,4,False,0
hackathon,300,2,6.0,1,20,online,opened,0,False,1
cultural,300,9,24.0,6,20,city_venue,sent,5,False,0
cultural,300,13,24.0,5,14,online,confirmed,5,False,1
hackathon,300,15,1.0,1,21,city_venue,confirmed,3,False,1
career_fair,300,3,,3,19,city_venue,opened,6,True,0
cultural,100,11,1.0,2,9,city_venue,sent,6,False,0
career_fair,100,21,12.0,3,15,city_venue,sent,8,False,0
workshop,100,14,12.0,2,12,city_venue,confirmed,0,True,0
cultural,100,30,48.0,1,14,campus,opened,4,True,0
career_fair,0,25,0.0,5,8,campus,sent,9,False,1
career_fair,100,8,6.0,5,12,city_venue,sent,2,False,0
workshop,300,18,24.0,0,8,campus,sent,6,False,0
career_fair,300,19,3.0,5,19,online,confirmed,3,False,0
career_fair,100,16,24.0,4,20,online,sent,3,False,1
workshop,300,2,,1,15,online,opened,0,False,1
cultural,100,8,,0,22,city_venue,opened,0,False,0
career_fair,300,22,0.0,5,11,city_venue,opened,9,False,0
career_fair,0,6,3.0,1,11,campus,confirmed,1,False,0
career_fair,0,12,3.0,3,9,campus,confirmed,1,False,1
hackathon,100,15,6.0,5,12,campus,opened,0,False,1
workshop,100,25,3.0,6,8,online,not_sent,7,False,0
hackathon,100,8,3.0,2,16,online,opened,5,False,1
workshop,300,4,,1,12,online,opened,5,True,0
cultural,100,15,,0,13,online,opened,9,True,0
cultural,0,28,0.0,3,9,campus,opened,9,False,1
career_fair,300,20,6.0,4,17,city_venue,sent,8,False,0
workshop,100,25,6.0,3,17,city_venue,opened,4,False,0
cultural,300,17,3.0,5,8,online,sent,3,False,0
workshop,300,13,24.0,2,11,city_venue,confirmed,10,False,1
cultural,100,18,24.0,3,14,city_venue,sent,5,True,0
hackathon,300,2,,4,13,city_venue,opened,7,False,1
cultural,0,13,36.0,6,17,online,not_sent,0,False,1
hackathon,0,13,12.0,0,8,campus,opened,6,False,0
cultural,300,22,24.0,1,8,campus,opened,7,False,0
career_fair,100,15,3.0,2,15,city_venue,sent,8,False,0
hackathon,300,20,24.0,4,11,campus,confirmed,10,False,1
cultural,0,29,12.0,5,12,campus,opened,7,False,1
career_fair,300,27,1.0,5,20,online,opened,6,False,1
hackathon,300,10,3.0,5,14,online,sent,2,False,1
career_fair,0,29,3.0,2,15,city_venue,opened,1,False,0
workshop,300,3,,3,22,city_venue,opened,2,True,0
workshop,300,19,3.0,2,17,city_venue,opened,3,True,0
hackathon,100,3,3.0,5,14,online,opened,3,True,0
cultural,100,22,6.0,6,9,campus,opened,5,False,1
hackathon,0,14,24.0,4,21,online,sent,6,False,0
career_fair,0,8,1.0,1,22,online,sent,3,False,1
cultural,0,27,,1,11,campus,not_sent,9,False,0
workshop,100,23,,2,17,campus,sent,5,False,1
cultural,0,30,24.0,5,19,city_venue,opened,8,False,1
workshop,0,4,24.0,0,8,campus,confirmed,5,False,1
cultural,0,27,0.0,6,17,campus,sent,2,False,1
cultural,100,28,6.0,2,16,campus,confirmed,0,False,0
cultural,300,20,48.0,5,10,campus,opened,10,False,0
career_fair,0,11,0.0,3,19,city_venue,confirmed,9,False,1
career_fair,300,26,3.0,1,10,city_venue,opened,9,False,0
hackathon,0,11,24.0,1,17,campus,opened,4,False,1
hackathon,300,27,3.0,6,16,campus,not_sent,9,False,0
workshop,100,30,,1,17,city_venue,sent,9,False,0
career_fair,100,11,1.0,0,10,city_venue,not_sent,2,True,0
workshop,0,2,48.0,5,15,campus,opened,7,True,0
hackathon,300,30,12.0,5,9,online,sent,9,False,1
workshop,100,17,36.0,6,21,city_venue,confirmed,0,False,0
hackathon,0,9,3.0,5,20,city_venue,sent,10,False,1
career_fair,0,28,12.0,6,10,city_venue,confirmed,1,True,0
cultural,100,28,,5,9,campus,not_sent,2,False,0
career_fair,100,2,12.0,0,8,campus,sent,2,False,0
workshop,0,29,6.0,4,9,city_venue,sent,7,False,0
workshop,300,24,12.0,2,15,campus,opened,4,False,0
career_fair,300,15,36.0,2,16,campus,sent,7,False,1
career_fair,300,16,12.0,5,20,city_venue,confirmed,10,False,1
hackathon,0,25,,3,9,campus,not_sent,10,False,0
workshop,100,4,3.0,1,14,online,sent,5,False,1
workshop,0,8,12.0,0,22,campus,confirmed,1,True,0
career_fair,100,9,36.0,3,12,campus,not_sent,10,False,0
cultural,300,26,36.0,3,10,city_venue,confirmed,3,False,0
workshop,300,26,,5,16,city_venue,confirmed,8,False,0
cultural,100,5,,0,22,online,not_sent,3,False,1
career_fair,100,16,6.0,2,13,campus,sent,4,False,0
career_fair,0,13,1.0,1,18,online,sent,4,False,1
hackathon,300,30,0.0,2,8,online,confirmed,9,False,0
workshop,0,7,36.0,3,12,city_venue,opened,7,True,0
cultural,0,26,,1,14,campus,opened,5,False,0
hackathon,0,20,3.0,4,11,city_venue,confirmed,9,False,1
workshop,300,17,1.0,3,15,online,not_sent,6,False,0
hackathon,0,3,0.0,2,17,online,confirmed,5,False,1
career_fair,0,5,48.0,2,12,city_venue,opened,4,False,0
workshop,0,19,3.0,5,16,city_venue,opened,4,False,1
hackathon,0,12,6.0,2,16,city_venue,confirmed,2,False,1
hackathon,0,29,12.0,0,16,city_venue,opened,6,False,1
cultural,0,27,48.0,3,8,city_venue,sent,9,False,0
hackathon,300,7,24.0,6,9,online,opened,4,False,1
workshop,0,28,24.0,6,10,city_venue,opened,6,False,1
workshop,100,9,1.0,1,21,campus,not_sent,1,False,1
cultural,0,28,12.0,2,11,online,confirmed,8,False,1
workshop,0,6,36.0,5,17,online,not_sent,7,False,1
career_fair,300,29,,5,16,campus,opened,4,False,0
workshop,300,26,3.0,2,17,campus,opened,1,False,0
workshop,100,17,0.0,0,20,online,not_sent,5,False,0
hackathon,100,16,0.0,5,13,city_venue,confirmed,7,False,1
hackathon,300,23,6.0,6,8,online,confirmed,6,True,0
workshop,300,3,48.0,1,19,online,opened,7,False,1
cultural,0,21,0.0,3,16,campus,sent,3,False,0
hackathon,300,26,12.0,4,13,online,not_sent,2,False,0
cultural,100,4,6.0,0,11,city_venue,sent,6,False,1
workshop,0,10,0.0,5,21,campus,sent,1,True,0
workshop,100,5,12.0,3,11,online,opened,4,False,0
career_fair,0,21,3.0,4,10,online,confirmed,6,True,0
hackathon,300,22,6.0,2,14,city_venue,opened,0,False,0
workshop,100,30,36.0,2,10,online,confirmed,3,False,1
career_fair,0,10,12.0,1,9,online,opened,1,False,1
hackathon,0,12,1.0,4,17,online,opened,5,True,0
workshop,300,10,,2,15,online,confirmed,0,False,1
workshop,300,29,24.0,2,11,city_venue,opened,6,False,0
hackathon,300,13,36.0,6,15,online,confirmed,2,False,1
hackathon,100,11,0.0,5,8,online,sent,0,False,0
hackathon,0,22,0.0,1,22,online,not_sent,7,True,0
workshop,300,16,0.0,3,12,campus,confirmed,6,False,1
workshop,100,8,1.0,2,20,city_venue,opened,1,False,1
career_fair,100,8,6.0,6,16,campus,confirmed,6,False,1
cultural,100,27,,0,8,campus,confirmed,2,False,1
hackathon,300,25,12.0,0,18,city_venue,not_sent,8,False,0
workshop,300,8,3.0,3,20,campus,opened,7,False,1
workshop,0,13,24.0,4,11,campus,sent,4,False,0
hackathon,0,27,1.0,1,13,campus,opened,6,False,0
cultural,300,2,24.0,6,17,city_venue,confirmed,2,False,0
hackathon,100,30,24.0,5,15,online,sent,0,False,0
cultural,100,30,48.0,6,21,city_venue,opened,0,False,0
workshop,100,12,,0,10,city_venue,opened,10,False,1
cultural,0,10,3.0,0,12,city_venue,not_sent,1,False,0
career_fair,100,12,12.0,3,14,campus,confirmed,7,False,1
workshop,0,11,,4,8,online,opened,0,True,0
career_fair,0,15,48.0,4,22,city_venue,confirmed,10,False,1
hackathon,100,16,12.0,3,14,city_venue,sent,4,True,0
hackathon,100,17,,6,20,online,not_sent,8,False,1
hackathon,300,26,0.0,0,19,online,opened,8,True,0
cultural,300,2,,6,18,online,not_sent,1,False,1
workshop,100,18,0.0,6,15,campus,confirmed,6,False,1
hackathon,0,12,12.0,1,15,online,not_sent,10,False,1
hackathon,0,19,,0,16,campus,confirmed,0,False,0
workshop,0,26,3.0,4,13,city_venue,opened,2,False,0
hackathon,0,23,12.0,5,19,campus,sent,5,False,0
career_fair,0,18,6.0,6,13,online,not_sent,8,False,1
workshop,300,30,,0,9,campus,opened,9,False,0
workshop,100,17,48.0,6,10,online,opened,1,False,0
workshop,300,30,36.0,1,11,campus,sent,6,False,0
career_fair,0,6,24.0,2,11,city_venue,confirmed,3,False,1
workshop,0,25,48.0,0,15,campus,sent,1,False,1
career_fair,0,15,6.0,3,21,city_venue,opened,2,False,1
workshop,0,3,12.0,2,8,online,opened,5,False,0
cultural,100,6,36.0,6,17,city_venue,not_sent,9,False,0
hackathon,0,3,6.0,3,21,online,confirmed,8,False,1
cultural,100,30,0.0,3,11,online,sent,7,False,0
hackathon,0,29,0.0,3,18,city_venue,not_sent,9,False,0
career_fair,100,1,1.0,0,19,city_venue,sent,10,False,1
cultural,300,30,,4,20,campus,opened,8,False,0
workshop,0,13,12.0,6,18,campus,opened,3,False,0
hackathon,100,28,36.0,2,18,city_venue,opened,3,False,1
hackathon,300,21,6.0,1,11,city_venue,not_sent,8,False,0
cultural,0,26,3.0,4,8,city_venue,sent,7,True,0
career_fair,0,14,6.0,6,10,city_venue,confirmed,1,False,1
cultural,0,13,48.0,0,12,online,not_sent,7,False,0
career_fair,100,27,24.0,3,13,city_venue,confirmed,0,False,0
career_fair,100,4,,1,16,city_venue,not_sent,8,False,1
hackathon,300,7,24.0,6,16,city_venue,confirmed,8,False,1
cultural,100,22,24.0,2,16,city_venue,sent,7,False,1
cultural,100,10,24.0,6,18,online,opened,10,False,1
career_fair,0,7,,4,8,campus,sent,4,False,1
cultural,0,21,48.0,5,19,campus,not_sent,4,True,0
workshop,0,15,0.0,4,16,campus,sent,2,False,1
workshop,0,15,12.0,6,20,campus,not_sent,4,False,0
cultural,0,4,36.0,1,15,campus,sent,3,False,0
cultural,0,23,36.0,6,9,online,opened,0,False,0
career_fair,0,23,3.0,6,20,campus,opened,8,False,0
workshop,300,6,,0,18,online,confirmed,9,False,1
workshop,300,24,,2,8,online,opened,3,False,0
hackathon,300,20,3.0,1,8,campus,opened,2,False,1
career_fair,300,26,,6,19,campus,opened,5,False,1
hackathon,0,5,0.0,3,13,campus,opened,0,True,0
workshop,300,20,0.0,2,16,city_venue,opened,4,False,0
career_fair,0,12,1.0,4,14,online,confirmed,6,False,1
cultural,300,1,0.0,1,12,campus,sent,1,False,0
career_fair,100,28,48.0,4,18,city_venue,not_sent,9,False,0
cultural,300,8,0.0,6,9,online,opened,8,False,1
cultural,300,1,3.0,4,8,city_venue,sent,5,False,0
career_fair,0,5,1.0,4,9,city_venue,confirmed,1,False,1
cultural,300,22,3.0,0,8,campus,confirmed,7,False,1
hackathon,100,6,0.0,4,10,online,not_sent,7,False,1
workshop,0,29,24.0,3,13,city_venue,not_sent,0,False,0
cultural,0,21,1.0,3,20,online,opened,0,False,0
hackathon,300,3,,2,15,campus,opened,0,False,0
cultural,0,15,48.0,6,10,online,sent,3,False,0
workshop,0,5,0.0,5,17,city_venue,opened,3,False,1
hackathon,0,28,,4,16,city_venue,opened,7,True,0
workshop,0,24,0.0,4,17,online,sent,0,False,0
workshop,0,14,3.0,1,12,city_venue,not_sent,9,False,1
hackathon,0,18,0.0,0,14,city_venue,confirmed,2,False,1
hackathon,100,16,6.0,5,15,city_venue,sent,10,False,0
hackathon,300,6,12.0,2,10,campus,confirmed,0,False,0
career_fair,100,25,48.0,5,9,campus,opened,8,False,1
hackathon,0,24,6.0,4,9,city_venue,opened,9,False,1
hackathon,0,14,36.0,1,12,online,confirmed,8,False,1
hackathon,300,27,1.0,6,22,campus,confirmed,6,False,1
hackathon,100,24,36.0,0,8,online,sent,7,False,0
cultural,300,8,3.0,6,22,city_venue,sent,0,True,0
career_fair,100,29,1.0,2,9,city_venue,confirmed,4,False,1
workshop,0,7,1.0,5,20,online,opened,1,True,0
hackathon,300,8,1.0,2,16,campus,sent,0,False,0
cultural,300,13,12.0,4,14,online,confirmed,2,False,1
cultural,0,6,48.0,2,22,online,sent,6,False,0
cultural,300,18,0.0,6,22,city_venue,not_sent,0,False,0
workshop,100,2,36.0,1,13,campus,not_sent,10,True,0
hackathon,100,8,24.0,2,16,online,opened,1,False,1
career_fair,100,11,,3,14,campus,opened,1,True,0
career_fair,100,1,3.0,1,21,city_venue,sent,3,True,0
cultural,0,22,12.0,5,18,campus,sent,2,False,1
workshop,300,29,,0,12,city_venue,sent,2,True,0
workshop,100,6,24.0,0,22,campus,opened,9,False,1
workshop,0,16,6.0,4,16,online,not_sent,4,False,1
career_fair,300,27,1.0,4,13,city_venue,confirmed,2,True,0
cultural,300,20,3.0,3,13,online,sent,10,True,0
hackathon,0,12,24.0,5,18,city_venue,confirmed,6,False,1
career_fair,0,11,36.0,6,11,campus,sent,4,False,0
cultural,100,29,1.0,0,20,campus,confirmed,3,False,0
cultural,300,27,24.0,0,19,city_venue,sent,2,False,0
hackathon,300,29,12.0,0,8,city_venue,not_sent,3,False,0
hackathon,0,10,12.0,6,12,city_venue,confirmed,1,False,1
hackathon,300,3,36.0,0,18,campus,confirmed,0,False,1
workshop,100,13,48.0,2,16,city_venue,opened,2,False,1
hackathon,300,27,6.0,5,20,city_venue,opened,10,False,1
cultural,0,3,,1,15,online,opened,1,False,0
hackathon,0,15,1.0,1,15,city_venue,confirmed,0,False,0
